This is XeTeX, Version 3.141592653-2.6-0.999998 (TeX Live 2026) (preloaded format=xelatex 2026.8.6)  8 AUG 2026 07:51
entering extended mode
 restricted \write18 enabled.
 %&-line parsing enabled.
**index.tex
(./index.tex
LaTeX2e <2026-06-01>
L3 programming layer <2026-07-20>
(c:/Users/bikra/AppData/Roaming/TinyTeX/texmf-dist/tex/latex/koma-script/scrreprt.cls
Document Class: scrreprt 2026/02/02 v3.49.2 KOMA-Script document class (report)
(c:/Users/bikra/AppData/Roaming/TinyTeX/texmf-dist/tex/latex/koma-script/scrkbase.sty
Package: scrkbase 2026/02/02 v3.49.2 KOMA-Script package (KOMA-Script-dependent basics and keyval usage)
(c:/Users/bikra/AppData/Roaming/TinyTeX/texmf-dist/tex/latex/koma-script/scrbase.sty
Package: scrbase 2026/02/02 v3.49.2 KOMA-Script package (KOMA-Script-independent basics and keyval usage)
(c:/Users/bikra/AppData/Roaming/TinyTeX/texmf-dist/tex/latex/koma-script/scrlfile.sty
Package: scrlfile 2026/02/02 v3.49.2 KOMA-Script package (file load hooks)
(c:/Users/bikra/AppData/Roaming/TinyTeX/texmf-dist/tex/latex/koma-script/scrlfile-hook.sty
Package: scrlfile-hook 2026/02/02 v3.49.2 KOMA-Script package (using LaTeX hooks)
(c:/Users/bikra/AppData/Roaming/TinyTeX/texmf-dist/tex/latex/koma-script/scrlogo.sty
Package: scrlogo 2026/02/02 v3.49.2 KOMA-Script package (logo)
))) (c:/Users/bikra/AppData/Roaming/TinyTeX/texmf-dist/tex/latex/graphics/keyval.sty
Package: keyval 2026-05-17 v1.15 key=value parser (DPC)
\KV@toks@=\toks17
)
Applying: [2021/05/01] Usage of raw or classic option list on input line 254.
Already applied: [0000/00/00] Usage of raw or classic option list on input line 370.
)) (c:/Users/bikra/AppData/Roaming/TinyTeX/texmf-dist/tex/latex/koma-script/tocbasic.sty
Package: tocbasic 2026/02/02 v3.49.2 KOMA-Script package (handling toc-files)
\scr@dte@tocline@numberwidth=\skip49
\scr@dte@tocline@numbox=\box53
)
Package tocbasic Info: omitting babel extension for `toc'
(tocbasic)             because of feature `nobabel' available
(tocbasic)             for `toc' on input line 143.
Package scrreprt Info: You've used standard option `12pt'.
(scrreprt)             This is correct!
(scrreprt)             Internally I'm using `fontsize=12pt'.
(scrreprt)             If you'd like to set the option with \KOMAoptions,
(scrreprt)             you'd have to use `fontsize=12pt' there
(scrreprt)             instead of `12pt', too.
Class scrreprt Info: You've used standard option `oneside'.
(scrreprt)           This is correct!
(scrreprt)           Internally I'm using `twoside=false'.
(scrreprt)           If you'd like to set the option with \KOMAoptions,
(scrreprt)           you'd have to use `twoside=false' there
(scrreprt)           instead of `oneside', too.
Class scrreprt Info: File `scrsize12pt.clo' used to setup font sizes on input line 2710.
(c:/Users/bikra/AppData/Roaming/TinyTeX/texmf-dist/tex/latex/koma-script/scrsize12pt.clo
File: scrsize12pt.clo 2026/02/02 v3.49.2 KOMA-Script font size class option (12pt)
) (c:/Users/bikra/AppData/Roaming/TinyTeX/texmf-dist/tex/latex/koma-script/typearea.sty
Package: typearea 2026/02/02 v3.49.2 KOMA-Script package (type area)
\ta@bcor=\skip50
\ta@div=\count273
Package typearea Info: You've used standard option `letterpaper'.
(typearea)             This is correct!
(typearea)             Internally I'm using `paper=letter'.
(typearea)             If you'd like to set the option with \KOMAoptions,
(typearea)             you'd have to use `paper=letter' there
(typearea)             instead of `letterpaper', too.
Package typearea Info: You've used standard option `oneside'.
(typearea)             This is correct!
(typearea)             Internally I'm using `twoside=false'.
(typearea)             If you'd like to set the option with \KOMAoptions,
(typearea)             you'd have to use `twoside=false' there
(typearea)             instead of `oneside', too.
\ta@hblk=\skip51
\ta@vblk=\skip52
\ta@temp=\skip53
\footheight=\skip54
Package typearea Info: These are the values describing the layout:
(typearea)             DIV  = 11
(typearea)             BCOR = 0.0pt
(typearea)             \paperwidth      = 614.295pt
(typearea)              \textwidth      = 446.76004pt
(typearea)              DIV departure   = -6%
(typearea)              \evensidemargin = 11.49748pt
(typearea)              \oddsidemargin  = 11.49748pt
(typearea)             \paperheight     = 794.96999pt
(typearea)              \textheight     = 592.0pt
(typearea)              \topmargin      = -39.875pt
(typearea)              \headheight     = 18.125pt
(typearea)              \headsep        = 21.75pt
(typearea)              \topskip        = 12.0pt
(typearea)              \footskip       = 50.75pt
(typearea)              \baselineskip   = 14.5pt
(typearea)              on input line 1810.
)
\c@part=\count274
\c@chapter=\count275
\c@section=\count276
\c@subsection=\count277
\c@subsubsection=\count278
\c@paragraph=\count279
\c@subparagraph=\count280
\scr@dte@chapter@maxnumwidth=\skip55
Class scrreprt Info: using compatibility default `afterindent=bysign'
(scrreprt)           for `\chapter on input line 5934.
\scr@dte@section@maxnumwidth=\skip56
Class scrreprt Info: using compatibility default `runin=bysign'
(scrreprt)           for `\section on input line 5945.
Class scrreprt Info: using compatibility default `afterindent=bysign'
(scrreprt)           for `\section on input line 5945.
\scr@dte@part@maxnumwidth=\skip57
Class scrreprt Info: using compatibility default `afterindent=true'
(scrreprt)           for `\part on input line 5954.
\scr@dte@subsection@maxnumwidth=\skip58
Class scrreprt Info: using compatibility default `runin=bysign'
(scrreprt)           for `\subsection on input line 5964.
Class scrreprt Info: using compatibility default `afterindent=bysign'
(scrreprt)           for `\subsection on input line 5964.
\scr@dte@subsubsection@maxnumwidth=\skip59
Class scrreprt Info: using compatibility default `runin=bysign'
(scrreprt)           for `\subsubsection on input line 5974.
Class scrreprt Info: using compatibility default `afterindent=bysign'
(scrreprt)           for `\subsubsection on input line 5974.
\scr@dte@paragraph@maxnumwidth=\skip60
Class scrreprt Info: using compatibility default `runin=bysign'
(scrreprt)           for `\paragraph on input line 5985.
Class scrreprt Info: using compatibility default `afterindent=bysign'
(scrreprt)           for `\paragraph on input line 5985.
\scr@dte@subparagraph@maxnumwidth=\skip61
Class scrreprt Info: using compatibility default `runin=bysign'
(scrreprt)           for `\subparagraph on input line 5995.
Class scrreprt Info: using compatibility default `afterindent=bysign'
(scrreprt)           for `\subparagraph on input line 5995.
\abovecaptionskip=\skip62
\belowcaptionskip=\skip63
\c@pti@nb@sid@b@x=\box54
Package tocbasic Info: omitting babel extension for `lof'
(tocbasic)             because of feature `nobabel' available
(tocbasic)             for `lof' on input line 7225.
\scr@dte@figure@maxnumwidth=\skip64
\c@figure=\count281
Package tocbasic Info: omitting babel extension for `lot'
(tocbasic)             because of feature `nobabel' available
(tocbasic)             for `lot' on input line 7238.
\scr@dte@table@maxnumwidth=\skip65
\c@table=\count282
Class scrreprt Info: Redefining `\numberline' on input line 7409.
\bibindent=\dimen150
) (c:/Users/bikra/AppData/Roaming/TinyTeX/texmf-dist/tex/latex/xcolor/xcolor.sty
Package: xcolor 2024/09/29 v3.02 LaTeX color extensions (UK)
(c:/Users/bikra/AppData/Roaming/TinyTeX/texmf-dist/tex/latex/graphics-cfg/color.cfg
File: color.cfg 2016/01/02 v1.6 sample color configuration
)
Package xcolor Info: Driver file: xetex.def on input line 274.
(c:/Users/bikra/AppData/Roaming/TinyTeX/texmf-dist/tex/latex/graphics-def/xetex.def
File: xetex.def 2025/11/01 v5.0p Graphics/color driver for xetex
) (c:/Users/bikra/AppData/Roaming/TinyTeX/texmf-dist/tex/latex/graphics/mathcolor.ltx)
Package xcolor Info: Model `cmy' substituted by `cmy0' on input line 1349.
Package xcolor Info: Model `RGB' extended on input line 1365.
Package xcolor Info: Model `HTML' substituted by `rgb' on input line 1367.
Package xcolor Info: Model `Hsb' substituted by `hsb' on input line 1368.
Package xcolor Info: Model `tHsb' substituted by `hsb' on input line 1369.
Package xcolor Info: Model `HSB' substituted by `hsb' on input line 1370.
Package xcolor Info: Model `Gray' substituted by `gray' on input line 1371.
Package xcolor Info: Model `wave' substituted by `hsb' on input line 1372.
) (c:/Users/bikra/AppData/Roaming/TinyTeX/texmf-dist/tex/latex/graphics/dvipsnam.def
File: dvipsnam.def 2026-05-17 v3.0m Driver-dependent file (DPC,SPQR)
) (c:/Users/bikra/AppData/Roaming/TinyTeX/texmf-dist/tex/latex/xcolor/svgnam.def
File: svgnam.def 2024/09/29 v3.02 Predefined colors according to SVG 1.1 (UK)
) (c:/Users/bikra/AppData/Roaming/TinyTeX/texmf-dist/tex/latex/xcolor/x11nam.def
File: x11nam.def 2024/09/29 v3.02 Predefined colors according to Unix/X11 (UK)
) (c:/Users/bikra/AppData/Roaming/TinyTeX/texmf-dist/tex/latex/geometry/geometry.sty
Package: geometry 2026/03/07 v6.0 Page Geometry
(c:/Users/bikra/AppData/Roaming/TinyTeX/texmf-dist/tex/generic/iftex/ifvtex.sty
Package: ifvtex 2019/10/25 v1.7 ifvtex legacy package. Use iftex instead.
(c:/Users/bikra/AppData/Roaming/TinyTeX/texmf-dist/tex/generic/iftex/iftex.sty
Package: iftex 2024/12/12 v1.0g TeX engine tests
))
\Gm@cnth=\count283
\Gm@cntv=\count284
\c@Gm@tempcnt=\count285
\Gm@bindingoffset=\dimen151
\Gm@wd@mp=\dimen152
\Gm@odd@mp=\dimen153
\Gm@even@mp=\dimen154
\Gm@layoutwidth=\dimen155
\Gm@layoutheight=\dimen156
\Gm@layouthoffset=\dimen157
\Gm@layoutvoffset=\dimen158
\Gm@dimlist=\toks18
) (c:/Users/bikra/AppData/Roaming/TinyTeX/texmf-dist/tex/latex/amsmath/amsmath.sty
Package: amsmath 2026/05/19 v2.18d AMS math features
\@mathmargin=\skip66
For additional information on amsmath, use the `?' option.
(c:/Users/bikra/AppData/Roaming/TinyTeX/texmf-dist/tex/latex/amsmath/amstext.sty
Package: amstext 2024/11/17 v2.01 AMS text
(c:/Users/bikra/AppData/Roaming/TinyTeX/texmf-dist/tex/latex/amsmath/amsgen.sty
File: amsgen.sty 1999/11/30 v2.0 generic functions
\@emptytoks=\toks19
\ex@=\dimen159
)) (c:/Users/bikra/AppData/Roaming/TinyTeX/texmf-dist/tex/latex/amsmath/amsbsy.sty
Package: amsbsy 1999/11/29 v1.2d Bold Symbols
\pmbraise@=\dimen160
) (c:/Users/bikra/AppData/Roaming/TinyTeX/texmf-dist/tex/latex/amsmath/amsopn.sty
Package: amsopn 2022/04/08 v2.04 operator names
)
\inf@bad=\count286
LaTeX Info: Redefining \frac on input line 233.
\uproot@=\count287
\leftroot@=\count288
LaTeX Info: Redefining \overline on input line 398.
LaTeX Info: Redefining \colon on input line 409.
\classnum@=\count289
\DOTSCASE@=\count290
LaTeX Info: Redefining \ldots on input line 495.
LaTeX Info: Redefining \dots on input line 498.
LaTeX Info: Redefining \cdots on input line 619.
\Mathstrutbox@=\box55
\strutbox@=\box56
LaTeX Info: Redefining \big on input line 721.
LaTeX Info: Redefining \Big on input line 722.
LaTeX Info: Redefining \bigg on input line 723.
LaTeX Info: Redefining \Bigg on input line 724.
\big@size=\dimen161
LaTeX Font Info:    Redeclaring font encoding OML on input line 742.
LaTeX Font Info:    Redeclaring font encoding OMS on input line 743.
\macc@depth=\count291
LaTeX Info: Redefining \bmod on input line 904.
LaTeX Info: Redefining \pmod on input line 909.
LaTeX Info: Redefining \smash on input line 939.
LaTeX Info: Redefining \relbar on input line 969.
LaTeX Info: Redefining \Relbar on input line 970.
\c@MaxMatrixCols=\count292
\dotsspace@=\muskip17
\c@parentequation=\count293
\dspbrk@lvl=\count294
\tag@help=\toks20
\row@=\count295
\column@=\count296
\maxfields@=\count297
\andhelp@=\toks21
\eqnshift@=\dimen162
\alignsep@=\dimen163
\tagshift@=\dimen164
\tagwidth@=\dimen165
\totwidth@=\dimen166
\lineht@=\dimen167
\@envbody=\toks22
\multlinegap=\skip67
\multlinetaggap=\skip68
\mathdisplay@stack=\toks23
LaTeX Info: Redefining \[ on input line 2965.
LaTeX Info: Redefining \] on input line 2966.
) (c:/Users/bikra/AppData/Roaming/TinyTeX/texmf-dist/tex/latex/amsfonts/amssymb.sty
Package: amssymb 2013/01/14 v3.01 AMS font symbols
(c:/Users/bikra/AppData/Roaming/TinyTeX/texmf-dist/tex/latex/amsfonts/amsfonts.sty
Package: amsfonts 2013/01/14 v3.01 Basic AMSFonts support
\symAMSa=\mathgroup4
\symAMSb=\mathgroup5
LaTeX Font Info:    Redeclaring math symbol \hbar on input line 98.
LaTeX Font Info:    Overwriting math alphabet `\mathfrak' in version `bold'
(Font)                  U/euf/m/n --> U/euf/b/n on input line 106.
)) (c:/Users/bikra/AppData/Roaming/TinyTeX/texmf-dist/tex/latex/unicode-math/unicode-math.sty (c:/Users/bikra/AppData/Roaming/TinyTeX/texmf-dist/tex/latex/l3kernel/expl3.sty
Package: expl3 2026-07-20 L3 programming layer (loader) 
(c:/Users/bikra/AppData/Roaming/TinyTeX/texmf-dist/tex/latex/l3backend/l3backend-xetex.def
File: l3backend-xetex.def 2026-07-20 L3 backend support: XeTeX
\g__graphics_track_int=\count298
\g__pdfannot_backend_int=\count299
\g__pdfannot_backend_link_int=\count300
))
Package: unicode-math 2023/08/13 v0.8r Unicode maths in XeLaTeX and LuaLaTeX
(c:/Users/bikra/AppData/Roaming/TinyTeX/texmf-dist/tex/latex/unicode-math/unicode-math-xetex.sty
Package: unicode-math-xetex 2023/08/13 v0.8r Unicode maths in XeLaTeX and LuaLaTeX
(c:/Users/bikra/AppData/Roaming/TinyTeX/texmf-dist/tex/latex/l3packages/xparse/xparse.sty
Package: xparse 2025-10-09 L3 Experimental document command parser
) (c:/Users/bikra/AppData/Roaming/TinyTeX/texmf-dist/tex/latex/l3packages/l3keys2e/l3keys2e.sty
Package: l3keys2e 2025-10-09 LaTeX2e option processing using LaTeX3 keys
) (c:/Users/bikra/AppData/Roaming/TinyTeX/texmf-dist/tex/latex/fontspec/fontspec.sty
Package: fontspec 2025/09/29 v2.9g Font selection for XeLaTeX and LuaLaTeX
(c:/Users/bikra/AppData/Roaming/TinyTeX/texmf-dist/tex/latex/fontspec/fontspec-xetex.sty
Package: fontspec-xetex 2025/09/29 v2.9g Font selection for XeLaTeX and LuaLaTeX
\l__fontspec_script_int=\count301
\l__fontspec_language_int=\count302
\l__fontspec_strnum_int=\count303
\l__fontspec_tmp_int=\count304
\l__fontspec_tmpa_int=\count305
\l__fontspec_tmpb_int=\count306
\l__fontspec_tmpc_int=\count307
\l__fontspec_em_int=\count308
\l__fontspec_emdef_int=\count309
\l__fontspec_strong_int=\count310
\l__fontspec_strongdef_int=\count311
\l__fontspec_tmpa_dim=\dimen168
\l__fontspec_tmpb_dim=\dimen169
\l__fontspec_tmpc_dim=\dimen170
(c:/Users/bikra/AppData/Roaming/TinyTeX/texmf-dist/tex/latex/base/fontenc.sty
Package: fontenc 2025/07/18 v2.1d Standard LaTeX package
) (c:/Users/bikra/AppData/Roaming/TinyTeX/texmf-dist/tex/latex/fontspec/fontspec.cfg))) (c:/Users/bikra/AppData/Roaming/TinyTeX/texmf-dist/tex/latex/base/fix-cm.sty
Package: fix-cm 2020/11/24 v1.1t fixes to LaTeX
(c:/Users/bikra/AppData/Roaming/TinyTeX/texmf-dist/tex/latex/base/ts1enc.def
File: ts1enc.def 2001/06/05 v3.0e (jk/car/fm) Standard LaTeX file
LaTeX Font Info:    Redeclaring font encoding TS1 on input line 47.
LaTeX Encoding Info:    Redeclaring text command \capitalcedilla (encoding TS1) on input line 49.
LaTeX Encoding Info:    Redeclaring text command \capitalogonek (encoding TS1) on input line 52.
LaTeX Encoding Info:    Redeclaring text command \capitalgrave (encoding TS1) on input line 55.
LaTeX Encoding Info:    Redeclaring text command \capitalacute (encoding TS1) on input line 56.
LaTeX Encoding Info:    Redeclaring text command \capitalcircumflex (encoding TS1) on input line 57.
LaTeX Encoding Info:    Redeclaring text command \capitaltilde (encoding TS1) on input line 58.
LaTeX Encoding Info:    Redeclaring text command \capitaldieresis (encoding TS1) on input line 59.
LaTeX Encoding Info:    Redeclaring text command \capitalhungarumlaut (encoding TS1) on input line 60.
LaTeX Encoding Info:    Redeclaring text command \capitalring (encoding TS1) on input line 61.
LaTeX Encoding Info:    Redeclaring text command \capitalcaron (encoding TS1) on input line 62.
LaTeX Encoding Info:    Redeclaring text command \capitalbreve (encoding TS1) on input line 63.
LaTeX Encoding Info:    Redeclaring text command \capitalmacron (encoding TS1) on input line 64.
LaTeX Encoding Info:    Redeclaring text command \capitaldotaccent (encoding TS1) on input line 65.
LaTeX Encoding Info:    Redeclaring text command \t (encoding TS1) on input line 66.
LaTeX Encoding Info:    Redeclaring text command \capitaltie (encoding TS1) on input line 67.
LaTeX Encoding Info:    Redeclaring text command \newtie (encoding TS1) on input line 68.
LaTeX Encoding Info:    Redeclaring text command \capitalnewtie (encoding TS1) on input line 69.
LaTeX Encoding Info:    Redeclaring text symbol \textcapitalcompwordmark (encoding TS1) on input line 70.
LaTeX Encoding Info:    Redeclaring text symbol \textascendercompwordmark (encoding TS1) on input line 71.
LaTeX Encoding Info:    Redeclaring text symbol \textquotestraightbase (encoding TS1) on input line 72.
LaTeX Encoding Info:    Redeclaring text symbol \textquotestraightdblbase (encoding TS1) on input line 73.
LaTeX Encoding Info:    Redeclaring text symbol \texttwelveudash (encoding TS1) on input line 74.
LaTeX Encoding Info:    Redeclaring text symbol \textthreequartersemdash (encoding TS1) on input line 75.
LaTeX Encoding Info:    Redeclaring text symbol \textleftarrow (encoding TS1) on input line 76.
LaTeX Encoding Info:    Redeclaring text symbol \textrightarrow (encoding TS1) on input line 77.
LaTeX Encoding Info:    Redeclaring text symbol \textblank (encoding TS1) on input line 78.
LaTeX Encoding Info:    Redeclaring text symbol \textdollar (encoding TS1) on input line 79.
LaTeX Encoding Info:    Redeclaring text symbol \textquotesingle (encoding TS1) on input line 80.
LaTeX Encoding Info:    Redeclaring text command \textasteriskcentered (encoding TS1) on input line 81.
LaTeX Encoding Info:    Redeclaring text symbol \textdblhyphen (encoding TS1) on input line 92.
LaTeX Encoding Info:    Redeclaring text symbol \textfractionsolidus (encoding TS1) on input line 93.
LaTeX Encoding Info:    Redeclaring text symbol \textzerooldstyle (encoding TS1) on input line 94.
LaTeX Encoding Info:    Redeclaring text symbol \textoneoldstyle (encoding TS1) on input line 95.
LaTeX Encoding Info:    Redeclaring text symbol \texttwooldstyle (encoding TS1) on input line 96.
LaTeX Encoding Info:    Redeclaring text symbol \textthreeoldstyle (encoding TS1) on input line 97.
LaTeX Encoding Info:    Redeclaring text symbol \textfouroldstyle (encoding TS1) on input line 98.
LaTeX Encoding Info:    Redeclaring text symbol \textfiveoldstyle (encoding TS1) on input line 99.
LaTeX Encoding Info:    Redeclaring text symbol \textsixoldstyle (encoding TS1) on input line 100.
LaTeX Encoding Info:    Redeclaring text symbol \textsevenoldstyle (encoding TS1) on input line 101.
LaTeX Encoding Info:    Redeclaring text symbol \texteightoldstyle (encoding TS1) on input line 102.
LaTeX Encoding Info:    Redeclaring text symbol \textnineoldstyle (encoding TS1) on input line 103.
LaTeX Encoding Info:    Redeclaring text symbol \textlangle (encoding TS1) on input line 104.
LaTeX Encoding Info:    Redeclaring text symbol \textminus (encoding TS1) on input line 105.
LaTeX Encoding Info:    Redeclaring text symbol \textrangle (encoding TS1) on input line 106.
LaTeX Encoding Info:    Redeclaring text symbol \textmho (encoding TS1) on input line 107.
LaTeX Encoding Info:    Redeclaring text symbol \textbigcircle (encoding TS1) on input line 108.
LaTeX Encoding Info:    Redeclaring text command \textcircled (encoding TS1) on input line 109.
LaTeX Encoding Info:    Redeclaring text symbol \textohm (encoding TS1) on input line 115.
LaTeX Encoding Info:    Redeclaring text symbol \textlbrackdbl (encoding TS1) on input line 116.
LaTeX Encoding Info:    Redeclaring text symbol \textrbrackdbl (encoding TS1) on input line 117.
LaTeX Encoding Info:    Redeclaring text symbol \textuparrow (encoding TS1) on input line 118.
LaTeX Encoding Info:    Redeclaring text symbol \textdownarrow (encoding TS1) on input line 119.
LaTeX Encoding Info:    Redeclaring text symbol \textasciigrave (encoding TS1) on input line 120.
LaTeX Encoding Info:    Redeclaring text symbol \textborn (encoding TS1) on input line 121.
LaTeX Encoding Info:    Redeclaring text symbol \textdivorced (encoding TS1) on input line 122.
LaTeX Encoding Info:    Redeclaring text symbol \textdied (encoding TS1) on input line 123.
LaTeX Encoding Info:    Redeclaring text symbol \textleaf (encoding TS1) on input line 124.
LaTeX Encoding Info:    Redeclaring text symbol \textmarried (encoding TS1) on input line 125.
LaTeX Encoding Info:    Redeclaring text symbol \textmusicalnote (encoding TS1) on input line 126.
LaTeX Encoding Info:    Redeclaring text symbol \texttildelow (encoding TS1) on input line 127.
LaTeX Encoding Info:    Redeclaring text symbol \textdblhyphenchar (encoding TS1) on input line 128.
LaTeX Encoding Info:    Redeclaring text symbol \textasciibreve (encoding TS1) on input line 129.
LaTeX Encoding Info:    Redeclaring text symbol \textasciicaron (encoding TS1) on input line 130.
LaTeX Encoding Info:    Redeclaring text symbol \textacutedbl (encoding TS1) on input line 131.
LaTeX Encoding Info:    Redeclaring text symbol \textgravedbl (encoding TS1) on input line 132.
LaTeX Encoding Info:    Redeclaring text symbol \textdagger (encoding TS1) on input line 133.
LaTeX Encoding Info:    Redeclaring text symbol \textdaggerdbl (encoding TS1) on input line 134.
LaTeX Encoding Info:    Redeclaring text symbol \textbardbl (encoding TS1) on input line 135.
LaTeX Encoding Info:    Redeclaring text symbol \textperthousand (encoding TS1) on input line 136.
LaTeX Encoding Info:    Redeclaring text symbol \textbullet (encoding TS1) on input line 137.
LaTeX Encoding Info:    Redeclaring text symbol \textcelsius (encoding TS1) on input line 138.
LaTeX Encoding Info:    Redeclaring text symbol \textdollaroldstyle (encoding TS1) on input line 139.
LaTeX Encoding Info:    Redeclaring text symbol \textcentoldstyle (encoding TS1) on input line 140.
LaTeX Encoding Info:    Redeclaring text symbol \textflorin (encoding TS1) on input line 141.
LaTeX Encoding Info:    Redeclaring text symbol \textcolonmonetary (encoding TS1) on input line 142.
LaTeX Encoding Info:    Redeclaring text symbol \textwon (encoding TS1) on input line 143.
LaTeX Encoding Info:    Redeclaring text symbol \textnaira (encoding TS1) on input line 144.
LaTeX Encoding Info:    Redeclaring text symbol \textguarani (encoding TS1) on input line 145.
LaTeX Encoding Info:    Redeclaring text symbol \textpeso (encoding TS1) on input line 146.
LaTeX Encoding Info:    Redeclaring text symbol \textlira (encoding TS1) on input line 147.
LaTeX Encoding Info:    Redeclaring text symbol \textrecipe (encoding TS1) on input line 148.
LaTeX Encoding Info:    Redeclaring text symbol \textinterrobang (encoding TS1) on input line 149.
LaTeX Encoding Info:    Redeclaring text symbol \textinterrobangdown (encoding TS1) on input line 150.
LaTeX Encoding Info:    Redeclaring text symbol \textdong (encoding TS1) on input line 151.
LaTeX Encoding Info:    Redeclaring text symbol \texttrademark (encoding TS1) on input line 152.
LaTeX Encoding Info:    Redeclaring text symbol \textpertenthousand (encoding TS1) on input line 153.
LaTeX Encoding Info:    Redeclaring text symbol \textpilcrow (encoding TS1) on input line 154.
LaTeX Encoding Info:    Redeclaring text symbol \textbaht (encoding TS1) on input line 155.
LaTeX Encoding Info:    Redeclaring text symbol \textnumero (encoding TS1) on input line 156.
LaTeX Encoding Info:    Redeclaring text symbol \textdiscount (encoding TS1) on input line 157.
LaTeX Encoding Info:    Redeclaring text symbol \textestimated (encoding TS1) on input line 158.
LaTeX Encoding Info:    Redeclaring text symbol \textopenbullet (encoding TS1) on input line 159.
LaTeX Encoding Info:    Redeclaring text symbol \textservicemark (encoding TS1) on input line 160.
LaTeX Encoding Info:    Redeclaring text symbol \textlquill (encoding TS1) on input line 161.
LaTeX Encoding Info:    Redeclaring text symbol \textrquill (encoding TS1) on input line 162.
LaTeX Encoding Info:    Redeclaring text symbol \textcent (encoding TS1) on input line 163.
LaTeX Encoding Info:    Redeclaring text symbol \textsterling (encoding TS1) on input line 164.
LaTeX Encoding Info:    Redeclaring text symbol \textcurrency (encoding TS1) on input line 165.
LaTeX Encoding Info:    Redeclaring text symbol \textyen (encoding TS1) on input line 166.
LaTeX Encoding Info:    Redeclaring text symbol \textbrokenbar (encoding TS1) on input line 167.
LaTeX Encoding Info:    Redeclaring text symbol \textsection (encoding TS1) on input line 168.
LaTeX Encoding Info:    Redeclaring text symbol \textasciidieresis (encoding TS1) on input line 169.
LaTeX Encoding Info:    Redeclaring text symbol \textcopyright (encoding TS1) on input line 170.
LaTeX Encoding Info:    Redeclaring text symbol \textordfeminine (encoding TS1) on input line 171.
LaTeX Encoding Info:    Redeclaring text symbol \textcopyleft (encoding TS1) on input line 172.
LaTeX Encoding Info:    Redeclaring text symbol \textlnot (encoding TS1) on input line 173.
LaTeX Encoding Info:    Redeclaring text symbol \textcircledP (encoding TS1) on input line 174.
LaTeX Encoding Info:    Redeclaring text symbol \textregistered (encoding TS1) on input line 175.
LaTeX Encoding Info:    Redeclaring text symbol \textasciimacron (encoding TS1) on input line 176.
LaTeX Encoding Info:    Redeclaring text symbol \textdegree (encoding TS1) on input line 177.
LaTeX Encoding Info:    Redeclaring text symbol \textpm (encoding TS1) on input line 178.
LaTeX Encoding Info:    Redeclaring text symbol \texttwosuperior (encoding TS1) on input line 179.
LaTeX Encoding Info:    Redeclaring text symbol \textthreesuperior (encoding TS1) on input line 180.
LaTeX Encoding Info:    Redeclaring text symbol \textasciiacute (encoding TS1) on input line 181.
LaTeX Encoding Info:    Redeclaring text symbol \textmu (encoding TS1) on input line 182.
LaTeX Encoding Info:    Redeclaring text symbol \textparagraph (encoding TS1) on input line 183.
LaTeX Encoding Info:    Redeclaring text symbol \textperiodcentered (encoding TS1) on input line 184.
LaTeX Encoding Info:    Redeclaring text symbol \textreferencemark (encoding TS1) on input line 185.
LaTeX Encoding Info:    Redeclaring text symbol \textonesuperior (encoding TS1) on input line 186.
LaTeX Encoding Info:    Redeclaring text symbol \textordmasculine (encoding TS1) on input line 187.
LaTeX Encoding Info:    Redeclaring text symbol \textsurd (encoding TS1) on input line 188.
LaTeX Encoding Info:    Redeclaring text symbol \textonequarter (encoding TS1) on input line 189.
LaTeX Encoding Info:    Redeclaring text symbol \textonehalf (encoding TS1) on input line 190.
LaTeX Encoding Info:    Redeclaring text symbol \textthreequarters (encoding TS1) on input line 191.
LaTeX Encoding Info:    Redeclaring text symbol \texteuro (encoding TS1) on input line 192.
LaTeX Encoding Info:    Redeclaring text symbol \texttimes (encoding TS1) on input line 193.
LaTeX Encoding Info:    Redeclaring text symbol \textdiv (encoding TS1) on input line 194.
))
\g__um_fam_int=\count312
\g__um_fonts_used_int=\count313
\l__um_primecount_int=\count314
\g__um_primekern_muskip=\muskip18
(c:/Users/bikra/AppData/Roaming/TinyTeX/texmf-dist/tex/latex/unicode-math/unicode-math-table.tex))) (c:/Users/bikra/AppData/Roaming/TinyTeX/texmf-dist/tex/latex/lm/lmodern.sty
Package: lmodern 2015/05/01 v1.6.1 Latin Modern Fonts
LaTeX Font Info:    Overwriting symbol font `operators' in version `normal'
(Font)                  OT1/cmr/m/n --> OT1/lmr/m/n on input line 22.
LaTeX Font Info:    Overwriting symbol font `letters' in version `normal'
(Font)                  OML/cmm/m/it --> OML/lmm/m/it on input line 23.
LaTeX Font Info:    Overwriting symbol font `symbols' in version `normal'
(Font)                  OMS/cmsy/m/n --> OMS/lmsy/m/n on input line 24.
LaTeX Font Info:    Overwriting symbol font `largesymbols' in version `normal'
(Font)                  OMX/cmex/m/n --> OMX/lmex/m/n on input line 25.
LaTeX Font Info:    Overwriting symbol font `operators' in version `bold'
(Font)                  OT1/cmr/bx/n --> OT1/lmr/bx/n on input line 26.
LaTeX Font Info:    Overwriting symbol font `letters' in version `bold'
(Font)                  OML/cmm/b/it --> OML/lmm/b/it on input line 27.
LaTeX Font Info:    Overwriting symbol font `symbols' in version `bold'
(Font)                  OMS/cmsy/b/n --> OMS/lmsy/b/n on input line 28.
LaTeX Font Info:    Overwriting symbol font `largesymbols' in version `bold'
(Font)                  OMX/cmex/m/n --> OMX/lmex/m/n on input line 29.
LaTeX Font Info:    Overwriting math alphabet `\mathbf' in version `normal'
(Font)                  OT1/cmr/bx/n --> OT1/lmr/bx/n on input line 31.
LaTeX Font Info:    Overwriting math alphabet `\mathsf' in version `normal'
(Font)                  OT1/cmss/m/n --> OT1/lmss/m/n on input line 32.
LaTeX Font Info:    Overwriting math alphabet `\mathit' in version `normal'
(Font)                  OT1/cmr/m/it --> OT1/lmr/m/it on input line 33.
LaTeX Font Info:    Overwriting math alphabet `\mathtt' in version `normal'
(Font)                  OT1/cmtt/m/n --> OT1/lmtt/m/n on input line 34.
LaTeX Font Info:    Overwriting math alphabet `\mathbf' in version `bold'
(Font)                  OT1/cmr/bx/n --> OT1/lmr/bx/n on input line 35.
LaTeX Font Info:    Overwriting math alphabet `\mathsf' in version `bold'
(Font)                  OT1/cmss/bx/n --> OT1/lmss/bx/n on input line 36.
LaTeX Font Info:    Overwriting math alphabet `\mathit' in version `bold'
(Font)                  OT1/cmr/bx/it --> OT1/lmr/bx/it on input line 37.
LaTeX Font Info:    Overwriting math alphabet `\mathtt' in version `bold'
(Font)                  OT1/cmtt/m/n --> OT1/lmtt/m/n on input line 38.
)

Package fontspec Info: 
(fontspec)             Times New Roman scale = 0.9636299023440277.


Package fontspec Info: 
(fontspec)             Times New Roman scale = 1.


Package fontspec Info: 
(fontspec)             Times New Roman scale = 0.9636299023440277.


Package fontspec Info: 
(fontspec)             Times New Roman scale = 1.


Package fontspec Info: 
(fontspec)             Times New Roman scale = 0.9636299023440277.


Package fontspec Info: 
(fontspec)             Times New Roman scale = 1.


Package fontspec Info: 
(fontspec)             Times New Roman/B scale = 0.9440481727713549.


Package fontspec Info: 
(fontspec)             Times New Roman/B scale = 1.


Package fontspec Info: 
(fontspec)             Times New Roman/B scale = 0.9440481727713549.


Package fontspec Info: 
(fontspec)             Times New Roman/B scale = 1.


Package fontspec Info: 
(fontspec)             Times New Roman/I scale = 1.001912475428977.


Package fontspec Info: 
(fontspec)             Times New Roman/I scale = 1.


Package fontspec Info: 
(fontspec)             Times New Roman/I scale = 1.001912475428977.


Package fontspec Info: 
(fontspec)             Times New Roman/I scale = 1.


Package fontspec Info: 
(fontspec)             Times New Roman/BI scale = 0.9818519945425632.


Package fontspec Info: 
(fontspec)             Times New Roman/BI scale = 1.


Package fontspec Info: 
(fontspec)             Times New Roman/BI scale = 0.9818519945425632.


Package fontspec Info: 
(fontspec)             Times New Roman/BI scale = 1.


Package fontspec Info: 
(fontspec)             Font family 'TimesNewRoman(0)' created for font 'Times
(fontspec)             New Roman' with options
(fontspec)             [Scale=MatchLowercase,Ligatures=TeX,Scale=1].
(fontspec)              
(fontspec)              This font family consists of the following NFSS
(fontspec)             series/shapes:
(fontspec)              
(fontspec)             - 'normal' (m/n) with NFSS spec.: <->s*[1]"Times New
(fontspec)             Roman/OT:script=latn;language=dflt;mapping=tex-text;"
(fontspec)             - 'small caps'  (m/sc) with NFSS spec.: <->s*[1]"Times
(fontspec)             New
(fontspec)             Roman/OT:script=latn;language=dflt;+smcp;mapping=tex-text;"
(fontspec)             - 'bold' (b/n) with NFSS spec.: <->s*[1]"Times New
(fontspec)             Roman/B/OT:script=latn;language=dflt;mapping=tex-text;"
(fontspec)             - 'bold small caps'  (b/sc) with NFSS spec.:
(fontspec)             <->s*[1]"Times New
(fontspec)             Roman/B/OT:script=latn;language=dflt;+smcp;mapping=tex-text;"
(fontspec)             - 'italic' (m/it) with NFSS spec.: <->s*[1]"Times New
(fontspec)             Roman/I/OT:script=latn;language=dflt;mapping=tex-text;"
(fontspec)             - 'italic small caps'  (m/scit) with NFSS spec.:
(fontspec)             <->s*[1]"Times New
(fontspec)             Roman/I/OT:script=latn;language=dflt;+smcp;mapping=tex-text;"
(fontspec)             - 'bold italic' (b/it) with NFSS spec.: <->s*[1]"Times
(fontspec)             New
(fontspec)             Roman/BI/OT:script=latn;language=dflt;mapping=tex-text;"
(fontspec)             - 'bold italic small caps'  (b/scit) with NFSS spec.:
(fontspec)             <->s*[1]"Times New
(fontspec)             Roman/BI/OT:script=latn;language=dflt;+smcp;mapping=tex-text;"

LaTeX Font Info:    Font shape `TU/TimesNewRoman(0)/m/n' will be
(Font)              scaled to size 12.0pt on input line 32.

Package fontspec Info: 
(fontspec)             Times New Roman scale = 0.9999971570313723.


Package fontspec Info: 
(fontspec)             Times New Roman scale = 0.9999971570313723.


Package fontspec Info: 
(fontspec)             Times New Roman scale = 0.9999971570313723.


Package fontspec Info: 
(fontspec)             Times New Roman/B scale = 0.9796764157853839.


Package fontspec Info: 
(fontspec)             Times New Roman/B scale = 0.9796764157853839.


Package fontspec Info: 
(fontspec)             Times New Roman/I scale = 1.039724508949025.


Package fontspec Info: 
(fontspec)             Times New Roman/I scale = 1.039724508949025.


Package fontspec Info: 
(fontspec)             Times New Roman/BI scale = 1.018906948383191.


Package fontspec Info: 
(fontspec)             Times New Roman/BI scale = 1.018906948383191.


Package fontspec Info: 
(fontspec)             Font family 'TimesNewRoman(1)' created for font 'Times
(fontspec)             New Roman' with options [Scale=MatchLowercase].
(fontspec)              
(fontspec)              This font family consists of the following NFSS
(fontspec)             series/shapes:
(fontspec)              
(fontspec)             - 'normal' (m/n) with NFSS spec.:
(fontspec)             <->s*[0.9999971570313723]"Times New
(fontspec)             Roman/OT:script=latn;language=dflt;"
(fontspec)             - 'small caps'  (m/sc) with NFSS spec.:
(fontspec)             <->s*[0.9999971570313723]"Times New
(fontspec)             Roman/OT:script=latn;language=dflt;+smcp;"
(fontspec)             - 'bold' (b/n) with NFSS spec.:
(fontspec)             <->s*[0.9796764157853839]"Times New
(fontspec)             Roman/B/OT:script=latn;language=dflt;"
(fontspec)             - 'bold small caps'  (b/sc) with NFSS spec.:
(fontspec)             <->s*[0.9796764157853839]"Times New
(fontspec)             Roman/B/OT:script=latn;language=dflt;+smcp;"
(fontspec)             - 'italic' (m/it) with NFSS spec.:
(fontspec)             <->s*[1.039724508949025]"Times New
(fontspec)             Roman/I/OT:script=latn;language=dflt;"
(fontspec)             - 'italic small caps'  (m/scit) with NFSS spec.:
(fontspec)             <->s*[1.039724508949025]"Times New
(fontspec)             Roman/I/OT:script=latn;language=dflt;+smcp;"
(fontspec)             - 'bold italic' (b/it) with NFSS spec.:
(fontspec)             <->s*[1.018906948383191]"Times New
(fontspec)             Roman/BI/OT:script=latn;language=dflt;"
(fontspec)             - 'bold italic small caps'  (b/scit) with NFSS spec.:
(fontspec)             <->s*[1.018906948383191]"Times New
(fontspec)             Roman/BI/OT:script=latn;language=dflt;+smcp;"

LaTeX Font Info:    Overwriting math alphabet `\mathrm' in version `normal'
(Font)                  OT1/lmr/m/n --> TU/TimesNewRoman(1)/m/n on input line 32.
LaTeX Font Info:    Overwriting math alphabet `\mathit' in version `normal'
(Font)                  OT1/lmr/m/it --> TU/TimesNewRoman(1)/m/it on input line 32.
LaTeX Font Info:    Overwriting math alphabet `\mathbf' in version `normal'
(Font)                  OT1/lmr/bx/n --> TU/TimesNewRoman(1)/b/n on input line 32.

Package fontspec Info: 
(fontspec)             Arial scale = 0.8625214254712378.


Package fontspec Info: 
(fontspec)             Arial scale = 0.8625214254712378.


Package fontspec Info: 
(fontspec)             Arial scale = 0.8625214254712378.


Package fontspec Info: 
(fontspec)             Arial/B scale = 0.8625214254712378.


Package fontspec Info: 
(fontspec)             Arial/B scale = 0.8625214254712378.


Package fontspec Info: 
(fontspec)             Arial/I scale = 0.8625214254712378.


Package fontspec Info: 
(fontspec)             Arial/I scale = 0.8625214254712378.


Package fontspec Info: 
(fontspec)             Arial/BI scale = 0.8625214254712378.


Package fontspec Info: 
(fontspec)             Arial/BI scale = 0.8625214254712378.


Package fontspec Info: 
(fontspec)             Font family 'Arial(0)' created for font 'Arial' with
(fontspec)             options [Scale=MatchLowercase,Ligatures=TeX].
(fontspec)              
(fontspec)              This font family consists of the following NFSS
(fontspec)             series/shapes:
(fontspec)              
(fontspec)             - 'normal' (m/n) with NFSS spec.:
(fontspec)             <->s*[0.8625214254712378]"Arial/OT:script=latn;language=dflt;mapping=tex-text;"
(fontspec)             - 'small caps'  (m/sc) with NFSS spec.:
(fontspec)             <->s*[0.8625214254712378]"Arial/OT:script=latn;language=dflt;+smcp;mapping=tex-text;"
(fontspec)             - 'bold' (b/n) with NFSS spec.:
(fontspec)             <->s*[0.8625214254712378]"Arial/B/OT:script=latn;language=dflt;mapping=tex-text;"
(fontspec)             - 'bold small caps'  (b/sc) with NFSS spec.:
(fontspec)             <->s*[0.8625214254712378]"Arial/B/OT:script=latn;language=dflt;+smcp;mapping=tex-text;"
(fontspec)             - 'italic' (m/it) with NFSS spec.:
(fontspec)             <->s*[0.8625214254712378]"Arial/I/OT:script=latn;language=dflt;mapping=tex-text;"
(fontspec)             - 'italic small caps'  (m/scit) with NFSS spec.:
(fontspec)             <->s*[0.8625214254712378]"Arial/I/OT:script=latn;language=dflt;+smcp;mapping=tex-text;"
(fontspec)             - 'bold italic' (b/it) with NFSS spec.:
(fontspec)             <->s*[0.8625214254712378]"Arial/BI/OT:script=latn;language=dflt;mapping=tex-text;"
(fontspec)             - 'bold italic small caps'  (b/scit) with NFSS spec.:
(fontspec)             <->s*[0.8625214254712378]"Arial/BI/OT:script=latn;language=dflt;+smcp;mapping=tex-text;"


Package fontspec Info: 
(fontspec)             Arial scale = 0.8625214254712378.


Package fontspec Info: 
(fontspec)             Arial scale = 0.8625214254712378.


Package fontspec Info: 
(fontspec)             Arial scale = 0.8625214254712378.


Package fontspec Info: 
(fontspec)             Arial/B scale = 0.8625214254712378.


Package fontspec Info: 
(fontspec)             Arial/B scale = 0.8625214254712378.


Package fontspec Info: 
(fontspec)             Arial/I scale = 0.8625214254712378.


Package fontspec Info: 
(fontspec)             Arial/I scale = 0.8625214254712378.


Package fontspec Info: 
(fontspec)             Arial/BI scale = 0.8625214254712378.


Package fontspec Info: 
(fontspec)             Arial/BI scale = 0.8625214254712378.


Package fontspec Info: 
(fontspec)             Font family 'Arial(1)' created for font 'Arial' with
(fontspec)             options [Scale=MatchLowercase].
(fontspec)              
(fontspec)              This font family consists of the following NFSS
(fontspec)             series/shapes:
(fontspec)              
(fontspec)             - 'normal' (m/n) with NFSS spec.:
(fontspec)             <->s*[0.8625214254712378]"Arial/OT:script=latn;language=dflt;"
(fontspec)             - 'small caps'  (m/sc) with NFSS spec.:
(fontspec)             <->s*[0.8625214254712378]"Arial/OT:script=latn;language=dflt;+smcp;"
(fontspec)             - 'bold' (b/n) with NFSS spec.:
(fontspec)             <->s*[0.8625214254712378]"Arial/B/OT:script=latn;language=dflt;"
(fontspec)             - 'bold small caps'  (b/sc) with NFSS spec.:
(fontspec)             <->s*[0.8625214254712378]"Arial/B/OT:script=latn;language=dflt;+smcp;"
(fontspec)             - 'italic' (m/it) with NFSS spec.:
(fontspec)             <->s*[0.8625214254712378]"Arial/I/OT:script=latn;language=dflt;"
(fontspec)             - 'italic small caps'  (m/scit) with NFSS spec.:
(fontspec)             <->s*[0.8625214254712378]"Arial/I/OT:script=latn;language=dflt;+smcp;"
(fontspec)             - 'bold italic' (b/it) with NFSS spec.:
(fontspec)             <->s*[0.8625214254712378]"Arial/BI/OT:script=latn;language=dflt;"
(fontspec)             - 'bold italic small caps'  (b/scit) with NFSS spec.:
(fontspec)             <->s*[0.8625214254712378]"Arial/BI/OT:script=latn;language=dflt;+smcp;"

LaTeX Font Info:    Overwriting math alphabet `\mathsf' in version `normal'
(Font)                  OT1/lmss/m/n --> TU/Arial(1)/m/n on input line 33.
LaTeX Font Info:    Overwriting math alphabet `\mathsf' in version `bold'
(Font)                  OT1/lmss/bx/n --> TU/Arial(1)/b/n on input line 33.

Package fontspec Info: 
(fontspec)             Courier New scale = 1.057733539821678.


Package fontspec Info: 
(fontspec)             Courier New scale = 1.057733539821678.


Package fontspec Info: 
(fontspec)             Courier New/B scale = 1.008807679401617.


Package fontspec Info: 
(fontspec)             Courier New/I scale = 1.057733539821678.


Package fontspec Info: 
(fontspec)             Courier New/BI scale = 1.008807679401617.


Package fontspec Info: 
(fontspec)             Font family 'CourierNew(0)' created for font 'Courier
(fontspec)             New' with options
(fontspec)             [Scale=MatchLowercase,WordSpace={1,0,0},HyphenChar=None,PunctuationSpace=WordSpace].
(fontspec)              
(fontspec)              This font family consists of the following NFSS
(fontspec)             series/shapes:
(fontspec)              
(fontspec)             - 'normal' (m/n) with NFSS spec.:
(fontspec)             <->s*[1.057733539821678]"Courier
(fontspec)             New/OT:script=latn;language=dflt;"
(fontspec)             - 'bold' (b/n) with NFSS spec.:
(fontspec)             <->s*[1.008807679401617]"Courier
(fontspec)             New/B/OT:script=latn;language=dflt;"
(fontspec)             - 'italic' (m/it) with NFSS spec.:
(fontspec)             <->s*[1.057733539821678]"Courier
(fontspec)             New/I/OT:script=latn;language=dflt;"
(fontspec)             - 'bold italic' (b/it) with NFSS spec.:
(fontspec)             <->s*[1.008807679401617]"Courier
(fontspec)             New/BI/OT:script=latn;language=dflt;"


Package fontspec Info: 
(fontspec)             Courier New scale = 1.057733539821678.


Package fontspec Info: 
(fontspec)             Courier New scale = 1.057733539821678.


Package fontspec Info: 
(fontspec)             Courier New/B scale = 1.008807679401617.


Package fontspec Info: 
(fontspec)             Courier New/I scale = 1.057733539821678.


Package fontspec Info: 
(fontspec)             Courier New/BI scale = 1.008807679401617.


Package fontspec Info: 
(fontspec)             Font family 'CourierNew(1)' created for font 'Courier
(fontspec)             New' with options [Scale=MatchLowercase].
(fontspec)              
(fontspec)              This font family consists of the following NFSS
(fontspec)             series/shapes:
(fontspec)              
(fontspec)             - 'normal' (m/n) with NFSS spec.:
(fontspec)             <->s*[1.057733539821678]"Courier
(fontspec)             New/OT:script=latn;language=dflt;"
(fontspec)             - 'bold' (b/n) with NFSS spec.:
(fontspec)             <->s*[1.008807679401617]"Courier
(fontspec)             New/B/OT:script=latn;language=dflt;"
(fontspec)             - 'italic' (m/it) with NFSS spec.:
(fontspec)             <->s*[1.057733539821678]"Courier
(fontspec)             New/I/OT:script=latn;language=dflt;"
(fontspec)             - 'bold italic' (b/it) with NFSS spec.:
(fontspec)             <->s*[1.008807679401617]"Courier
(fontspec)             New/BI/OT:script=latn;language=dflt;"

LaTeX Font Info:    Overwriting math alphabet `\mathtt' in version `normal'
(Font)                  OT1/lmtt/m/n --> TU/CourierNew(1)/m/n on input line 34.
LaTeX Font Info:    Overwriting math alphabet `\mathtt' in version `bold'
(Font)                  OT1/lmtt/m/n --> TU/CourierNew(1)/b/n on input line 34.
(c:/Users/bikra/AppData/Roaming/TinyTeX/texmf-dist/tex/latex/setspace/setspace.sty
Package: setspace 2022/12/04 v6.7b set line spacing
) (c:/Users/bikra/AppData/Roaming/TinyTeX/texmf-dist/tex/latex/fancyvrb/fancyvrb.sty
Package: fancyvrb 2026/04/16 4.6a verbatim text (tvz,hv)
\FV@CodeLineNo=\count315
\FV@InFile=\read2
\FV@TabBox=\box57
\c@FancyVerbLine=\count316
\FV@StepNumber=\count317
\FV@OutFile=\write3
) (c:/Users/bikra/AppData/Roaming/TinyTeX/texmf-dist/tex/latex/framed/framed.sty
Package: framed 2011/10/22 v 0.96: framed or shaded text with page breaks
\OuterFrameSep=\skip69
\fb@frw=\dimen171
\fb@frh=\dimen172
\FrameRule=\dimen173
\FrameSep=\dimen174
) (c:/Users/bikra/AppData/Roaming/TinyTeX/texmf-dist/tex/latex/tools/longtable.sty
Package: longtable 2026-01-28 v4.27 Multi-page Table package (DPC)
\LTleft=\skip70
\LTright=\skip71
\LTpre=\skip72
\LTpost=\skip73
\LTchunksize=\count318
\LTcapwidth=\dimen175
\LT@head=\box58
\LT@firsthead=\box59
\LT@foot=\box60
\LT@lastfoot=\box61
\LT@gbox=\box62
\LT@cols=\count319
\LT@rows=\count320
\c@LT@tables=\count321
\c@LT@chunks=\count322
\LT@p@ftn=\toks24
)
Class scrreprt Info: longtable captions redefined on input line 118.
(c:/Users/bikra/AppData/Roaming/TinyTeX/texmf-dist/tex/latex/booktabs/booktabs.sty
Package: booktabs 2020/01/12 v1.61803398 Publication quality tables
\heavyrulewidth=\dimen176
\lightrulewidth=\dimen177
\cmidrulewidth=\dimen178
\belowrulesep=\dimen179
\belowbottomsep=\dimen180
\aboverulesep=\dimen181
\abovetopsep=\dimen182
\cmidrulesep=\dimen183
\cmidrulekern=\dimen184
\defaultaddspace=\dimen185
\@cmidla=\count323
\@cmidlb=\count324
\@aboverulesep=\dimen186
\@belowrulesep=\dimen187
\@thisruleclass=\count325
\@lastruleclass=\count326
\@thisrulewidth=\dimen188
) (c:/Users/bikra/AppData/Roaming/TinyTeX/texmf-dist/tex/latex/tools/array.sty
Package: array 2026/02/24 v2.7b Tabular extension package (FMi)
\col@sep=\dimen189
\ar@mcellbox=\box63
\extrarowheight=\dimen190
\NC@list=\toks25
\extratabsurround=\skip74
\backup@length=\skip75
\ar@cellbox=\box64
) (c:/Users/bikra/AppData/Roaming/TinyTeX/texmf-dist/tex/latex/tools/calc.sty
Package: calc 2025/03/01 v4.3b Infix arithmetic (KKT,FJ)
\calc@Acount=\count327
\calc@Bcount=\count328
\calc@Adimen=\dimen191
\calc@Bdimen=\dimen192
\calc@Askip=\skip76
\calc@Bskip=\skip77
LaTeX Info: Redefining \setlength on input line 86.
LaTeX Info: Redefining \addtolength on input line 87.
\calc@Ccount=\count329
\calc@Cskip=\skip78
) (c:/Users/bikra/AppData/Roaming/TinyTeX/texmf-dist/tex/latex/etoolbox/etoolbox.sty
Package: etoolbox 2025/10/02 v2.5m e-TeX tools for LaTeX (JAW)
\etb@tempcnta=\count330
) (c:/Users/bikra/AppData/Roaming/TinyTeX/texmf-dist/tex/latex/mdwtools/footnote.sty
Package: footnote 1997/01/28 1.13 Save footnotes around boxes
\fn@notes=\box65
\fn@width=\dimen193
) (c:/Users/bikra/AppData/Roaming/TinyTeX/texmf-dist/tex/latex/graphics/graphicx.sty
Package: graphicx 2026-05-17 v1.2e Enhanced LaTeX Graphics (DPC,SPQR)
(c:/Users/bikra/AppData/Roaming/TinyTeX/texmf-dist/tex/latex/graphics/graphics.sty
Package: graphics 2026-05-17 v1.4h Standard LaTeX Graphics (DPC,SPQR)
(c:/Users/bikra/AppData/Roaming/TinyTeX/texmf-dist/tex/latex/graphics/trig.sty
Package: trig 2023/12/02 v1.11 sin cos tan (DPC)
) (c:/Users/bikra/AppData/Roaming/TinyTeX/texmf-dist/tex/latex/graphics-cfg/graphics.cfg
File: graphics.cfg 2016/06/04 v1.11 sample graphics configuration
)
Package graphics Info: Driver file: xetex.def on input line 106.
)
\Gin@req@height=\dimen194
\Gin@req@width=\dimen195
)
\pandoc@box=\box66
\cslhangindent=\skip79
\csllabelwidth=\skip80
(c:/Users/bikra/AppData/Roaming/TinyTeX/texmf-dist/tex/latex/caption/caption.sty
Package: caption 2023/08/05 v3.6o Customizing captions (AR)

Package tocbasic Info: Loading of class-dependent code for package caption3
(tocbasic)             prevented on line 50.

(c:/Users/bikra/AppData/Roaming/TinyTeX/texmf-dist/tex/latex/caption/caption3.sty
Package: caption3 2023/07/31 v2.4d caption3 kernel (AR)
\caption@tempdima=\dimen196
\captionmargin=\dimen197
\caption@leftmargin=\dimen198
\caption@rightmargin=\dimen199
\caption@width=\dimen256
\caption@indent=\dimen257
\caption@parindent=\dimen258
\caption@hangindent=\dimen259
)
\c@caption@flags=\count331
\c@continuedfloat=\count332
Package caption Info: longtable package is loaded.
(c:/Users/bikra/AppData/Roaming/TinyTeX/texmf-dist/tex/latex/caption/ltcaption.sty
Package: ltcaption 2021/01/08 v1.4c longtable captions (AR)
)) (c:/Users/bikra/AppData/Roaming/TinyTeX/texmf-dist/tex/latex/colortbl/colortbl.sty
Package: colortbl 2026/05/01 v1.0l Color table columns (DPC)
new hooks used!!
\minrowclearance=\skip81
\rownum=\count333
) (c:/Users/bikra/AppData/Roaming/TinyTeX/texmf-dist/tex/latex/anyfontsize/anyfontsize.sty
Invalid UTF-8 byte or sequence at line 3 replaced by U+FFFD.
Invalid UTF-8 byte or sequence at line 3 replaced by U+FFFD.
Package: anyfontsize 2007/11/22 anyfontsize.sty by pts
) (c:/Users/bikra/AppData/Roaming/TinyTeX/texmf-dist/tex/latex/multirow/multirow.sty
Package: multirow 2024/11/12 v2.9 Span multiple rows of a table
\multirow@colwidth=\skip82
\multirow@cntb=\count334
\multirow@dima=\skip83
\bigstrutjot=\dimen260
) (c:/Users/bikra/AppData/Roaming/TinyTeX/texmf-dist/tex/latex/tcolorbox/tcolorbox.sty
Package: tcolorbox 2026/05/28 version 6.10.0 text color boxes
(c:/Users/bikra/AppData/Roaming/TinyTeX/texmf-dist/tex/latex/pgf/frontendlayer/tikz.sty (c:/Users/bikra/AppData/Roaming/TinyTeX/texmf-dist/tex/latex/pgf/basiclayer/pgf.sty (c:/Users/bikra/AppData/Roaming/TinyTeX/texmf-dist/tex/latex/pgf/utilities/pgfrcs.sty (c:/Users/bikra/AppData/Roaming/TinyTeX/texmf-dist/tex/generic/pgf/utilities/pgfutil-common.tex
\pgfutil@everybye=\toks26
\pgfutil@tempdima=\dimen261
\pgfutil@tempdimb=\dimen262
) (c:/Users/bikra/AppData/Roaming/TinyTeX/texmf-dist/tex/generic/pgf/utilities/pgfutil-latex.def
\pgfutil@abb=\box67
) (c:/Users/bikra/AppData/Roaming/TinyTeX/texmf-dist/tex/generic/pgf/utilities/pgfrcs.code.tex (c:/Users/bikra/AppData/Roaming/TinyTeX/texmf-dist/tex/generic/pgf/pgf.revision.tex)
Package: pgfrcs 2026-08-01 v3.1.12 (3.1.12)
))
Package: pgf 2026-08-01 v3.1.12 (3.1.12)
(c:/Users/bikra/AppData/Roaming/TinyTeX/texmf-dist/tex/latex/pgf/basiclayer/pgfcore.sty (c:/Users/bikra/AppData/Roaming/TinyTeX/texmf-dist/tex/latex/pgf/systemlayer/pgfsys.sty (c:/Users/bikra/AppData/Roaming/TinyTeX/texmf-dist/tex/generic/pgf/systemlayer/pgfsys.code.tex
Package: pgfsys 2026-08-01 v3.1.12 (3.1.12)
(c:/Users/bikra/AppData/Roaming/TinyTeX/texmf-dist/tex/generic/pgf/utilities/pgfkeys.code.tex
\pgfkeys@pathtoks=\toks27
\pgfkeys@temptoks=\toks28
(c:/Users/bikra/AppData/Roaming/TinyTeX/texmf-dist/tex/generic/pgf/utilities/pgfkeyslibraryfiltered.code.tex
\pgfkeys@tmptoks=\toks29
))
\pgf@x=\dimen263
\pgf@y=\dimen264
\pgf@xa=\dimen265
\pgf@ya=\dimen266
\pgf@xb=\dimen267
\pgf@yb=\dimen268
\pgf@xc=\dimen269
\pgf@yc=\dimen270
\pgf@xd=\dimen271
\pgf@yd=\dimen272
\w@pgf@writea=\write4
\r@pgf@reada=\read3
\c@pgf@counta=\count335
\c@pgf@countb=\count336
\c@pgf@countc=\count337
\c@pgf@countd=\count338
\t@pgf@toka=\toks30
\t@pgf@tokb=\toks31
\t@pgf@tokc=\toks32
\pgf@sys@id@count=\count339
(c:/Users/bikra/AppData/Roaming/TinyTeX/texmf-dist/tex/generic/pgf/systemlayer/pgf.cfg
File: pgf.cfg 2026-08-01 v3.1.12 (3.1.12)
)
Driver file for pgf: pgfsys-xetex.def
(c:/Users/bikra/AppData/Roaming/TinyTeX/texmf-dist/tex/generic/pgf/systemlayer/pgfsys-xetex.def
File: pgfsys-xetex.def 2026-08-01 v3.1.12 (3.1.12)
(c:/Users/bikra/AppData/Roaming/TinyTeX/texmf-dist/tex/generic/pgf/systemlayer/pgfsys-dvipdfmx.def
File: pgfsys-dvipdfmx.def 2026-08-01 v3.1.12 (3.1.12)
(c:/Users/bikra/AppData/Roaming/TinyTeX/texmf-dist/tex/generic/pgf/systemlayer/pgfsys-common-pdf.def
File: pgfsys-common-pdf.def 2026-08-01 v3.1.12 (3.1.12)
)
\pgfsys@objnum=\count340
))) (c:/Users/bikra/AppData/Roaming/TinyTeX/texmf-dist/tex/generic/pgf/systemlayer/pgfsyssoftpath.code.tex
File: pgfsyssoftpath.code.tex 2026-08-01 v3.1.12 (3.1.12)
\pgfsyssoftpath@smallbuffer@items=\count341
\pgfsyssoftpath@bigbuffer@items=\count342
) (c:/Users/bikra/AppData/Roaming/TinyTeX/texmf-dist/tex/generic/pgf/systemlayer/pgfsysprotocol.code.tex
File: pgfsysprotocol.code.tex 2026-08-01 v3.1.12 (3.1.12)
)) (c:/Users/bikra/AppData/Roaming/TinyTeX/texmf-dist/tex/generic/pgf/basiclayer/pgfcore.code.tex
Package: pgfcore 2026-08-01 v3.1.12 (3.1.12)
(c:/Users/bikra/AppData/Roaming/TinyTeX/texmf-dist/tex/generic/pgf/math/pgfmath.code.tex (c:/Users/bikra/AppData/Roaming/TinyTeX/texmf-dist/tex/generic/pgf/math/pgfmathutil.code.tex) (c:/Users/bikra/AppData/Roaming/TinyTeX/texmf-dist/tex/generic/pgf/math/pgfmathparser.code.tex
\pgfmath@dimen=\dimen273
\pgfmath@count=\count343
\pgfmath@box=\box68
\pgfmath@toks=\toks33
\pgfmath@stack@operand=\toks34
\pgfmath@stack@operation=\toks35
) (c:/Users/bikra/AppData/Roaming/TinyTeX/texmf-dist/tex/generic/pgf/math/pgfmathfunctions.code.tex) (c:/Users/bikra/AppData/Roaming/TinyTeX/texmf-dist/tex/generic/pgf/math/pgfmathfunctions.basic.code.tex) (c:/Users/bikra/AppData/Roaming/TinyTeX/texmf-dist/tex/generic/pgf/math/pgfmathfunctions.trigonometric.code.tex) (c:/Users/bikra/AppData/Roaming/TinyTeX/texmf-dist/tex/generic/pgf/math/pgfmathfunctions.random.code.tex) (c:/Users/bikra/AppData/Roaming/TinyTeX/texmf-dist/tex/generic/pgf/math/pgfmathfunctions.comparison.code.tex) (c:/Users/bikra/AppData/Roaming/TinyTeX/texmf-dist/tex/generic/pgf/math/pgfmathfunctions.base.code.tex) (c:/Users/bikra/AppData/Roaming/TinyTeX/texmf-dist/tex/generic/pgf/math/pgfmathfunctions.round.code.tex) (c:/Users/bikra/AppData/Roaming/TinyTeX/texmf-dist/tex/generic/pgf/math/pgfmathfunctions.misc.code.tex) (c:/Users/bikra/AppData/Roaming/TinyTeX/texmf-dist/tex/generic/pgf/math/pgfmathfunctions.integerarithmetics.code.tex) (c:/Users/bikra/AppData/Roaming/TinyTeX/texmf-dist/tex/generic/pgf/math/pgfmathcalc.code.tex) (c:/Users/bikra/AppData/Roaming/TinyTeX/texmf-dist/tex/generic/pgf/math/pgfmathfloat.code.tex
\c@pgfmathroundto@lastzeros=\count344
)) (c:/Users/bikra/AppData/Roaming/TinyTeX/texmf-dist/tex/generic/pgf/math/pgfint.code.tex) (c:/Users/bikra/AppData/Roaming/TinyTeX/texmf-dist/tex/generic/pgf/basiclayer/pgfcorepoints.code.tex
File: pgfcorepoints.code.tex 2026-08-01 v3.1.12 (3.1.12)
\pgf@picminx=\dimen274
\pgf@picmaxx=\dimen275
\pgf@picminy=\dimen276
\pgf@picmaxy=\dimen277
\pgf@pathminx=\dimen278
\pgf@pathmaxx=\dimen279
\pgf@pathminy=\dimen280
\pgf@pathmaxy=\dimen281
\pgf@xx=\dimen282
\pgf@xy=\dimen283
\pgf@yx=\dimen284
\pgf@yy=\dimen285
\pgf@zx=\dimen286
\pgf@zy=\dimen287
) (c:/Users/bikra/AppData/Roaming/TinyTeX/texmf-dist/tex/generic/pgf/basiclayer/pgfcorepathconstruct.code.tex
File: pgfcorepathconstruct.code.tex 2026-08-01 v3.1.12 (3.1.12)
\pgf@path@lastx=\dimen288
\pgf@path@lasty=\dimen289
) (c:/Users/bikra/AppData/Roaming/TinyTeX/texmf-dist/tex/generic/pgf/basiclayer/pgfcorepathusage.code.tex
File: pgfcorepathusage.code.tex 2026-08-01 v3.1.12 (3.1.12)
\pgf@shorten@end@additional=\dimen290
\pgf@shorten@start@additional=\dimen291
) (c:/Users/bikra/AppData/Roaming/TinyTeX/texmf-dist/tex/generic/pgf/basiclayer/pgfcorescopes.code.tex
File: pgfcorescopes.code.tex 2026-08-01 v3.1.12 (3.1.12)
\pgfpic=\box69
\pgf@hbox=\box70
\pgf@layerbox@main=\box71
\pgf@picture@serial@count=\count345
) (c:/Users/bikra/AppData/Roaming/TinyTeX/texmf-dist/tex/generic/pgf/basiclayer/pgfcoregraphicstate.code.tex
File: pgfcoregraphicstate.code.tex 2026-08-01 v3.1.12 (3.1.12)
\pgflinewidth=\dimen292
) (c:/Users/bikra/AppData/Roaming/TinyTeX/texmf-dist/tex/generic/pgf/basiclayer/pgfcoretransformations.code.tex
File: pgfcoretransformations.code.tex 2026-08-01 v3.1.12 (3.1.12)
\pgf@pt@x=\dimen293
\pgf@pt@y=\dimen294
\pgf@pt@temp=\dimen295
) (c:/Users/bikra/AppData/Roaming/TinyTeX/texmf-dist/tex/generic/pgf/basiclayer/pgfcorequick.code.tex
File: pgfcorequick.code.tex 2026-08-01 v3.1.12 (3.1.12)
) (c:/Users/bikra/AppData/Roaming/TinyTeX/texmf-dist/tex/generic/pgf/basiclayer/pgfcoreobjects.code.tex
File: pgfcoreobjects.code.tex 2026-08-01 v3.1.12 (3.1.12)
) (c:/Users/bikra/AppData/Roaming/TinyTeX/texmf-dist/tex/generic/pgf/basiclayer/pgfcorepathprocessing.code.tex
File: pgfcorepathprocessing.code.tex 2026-08-01 v3.1.12 (3.1.12)
) (c:/Users/bikra/AppData/Roaming/TinyTeX/texmf-dist/tex/generic/pgf/basiclayer/pgfcorearrows.code.tex
File: pgfcorearrows.code.tex 2026-08-01 v3.1.12 (3.1.12)
\pgfarrowsep=\dimen296
) (c:/Users/bikra/AppData/Roaming/TinyTeX/texmf-dist/tex/generic/pgf/basiclayer/pgfcoreshade.code.tex
File: pgfcoreshade.code.tex 2026-08-01 v3.1.12 (3.1.12)
\pgf@max=\dimen297
\pgf@sys@shading@range@num=\count346
\pgf@shadingcount=\count347
) (c:/Users/bikra/AppData/Roaming/TinyTeX/texmf-dist/tex/generic/pgf/basiclayer/pgfcoreimage.code.tex
File: pgfcoreimage.code.tex 2026-08-01 v3.1.12 (3.1.12)
) (c:/Users/bikra/AppData/Roaming/TinyTeX/texmf-dist/tex/generic/pgf/basiclayer/pgfcoreexternal.code.tex
File: pgfcoreexternal.code.tex 2026-08-01 v3.1.12 (3.1.12)
\pgfexternal@startupbox=\box72
) (c:/Users/bikra/AppData/Roaming/TinyTeX/texmf-dist/tex/generic/pgf/basiclayer/pgfcorelayers.code.tex
File: pgfcorelayers.code.tex 2026-08-01 v3.1.12 (3.1.12)
) (c:/Users/bikra/AppData/Roaming/TinyTeX/texmf-dist/tex/generic/pgf/basiclayer/pgfcoretransparency.code.tex
File: pgfcoretransparency.code.tex 2026-08-01 v3.1.12 (3.1.12)
) (c:/Users/bikra/AppData/Roaming/TinyTeX/texmf-dist/tex/generic/pgf/basiclayer/pgfcorepatterns.code.tex
File: pgfcorepatterns.code.tex 2026-08-01 v3.1.12 (3.1.12)
) (c:/Users/bikra/AppData/Roaming/TinyTeX/texmf-dist/tex/generic/pgf/basiclayer/pgfcorerdf.code.tex
File: pgfcorerdf.code.tex 2026-08-01 v3.1.12 (3.1.12)
))) (c:/Users/bikra/AppData/Roaming/TinyTeX/texmf-dist/tex/generic/pgf/modules/pgfmoduleshapes.code.tex
File: pgfmoduleshapes.code.tex 2026-08-01 v3.1.12 (3.1.12)
\pgfnodeparttextbox=\box73
) (c:/Users/bikra/AppData/Roaming/TinyTeX/texmf-dist/tex/generic/pgf/modules/pgfmoduleplot.code.tex
File: pgfmoduleplot.code.tex 2026-08-01 v3.1.12 (3.1.12)
) (c:/Users/bikra/AppData/Roaming/TinyTeX/texmf-dist/tex/latex/pgf/compatibility/pgfcomp-version-0-65.sty
Package: pgfcomp-version-0-65 2026-08-01 v3.1.12 (3.1.12)
\pgf@nodesepstart=\dimen298
\pgf@nodesepend=\dimen299
) (c:/Users/bikra/AppData/Roaming/TinyTeX/texmf-dist/tex/latex/pgf/compatibility/pgfcomp-version-1-18.sty
Package: pgfcomp-version-1-18 2026-08-01 v3.1.12 (3.1.12)
)) (c:/Users/bikra/AppData/Roaming/TinyTeX/texmf-dist/tex/latex/pgf/utilities/pgffor.sty (c:/Users/bikra/AppData/Roaming/TinyTeX/texmf-dist/tex/latex/pgf/utilities/pgfkeys.sty (c:/Users/bikra/AppData/Roaming/TinyTeX/texmf-dist/tex/generic/pgf/utilities/pgfkeys.code.tex)) (c:/Users/bikra/AppData/Roaming/TinyTeX/texmf-dist/tex/latex/pgf/math/pgfmath.sty (c:/Users/bikra/AppData/Roaming/TinyTeX/texmf-dist/tex/generic/pgf/math/pgfmath.code.tex)) (c:/Users/bikra/AppData/Roaming/TinyTeX/texmf-dist/tex/generic/pgf/utilities/pgffor.code.tex
Package: pgffor 2026-08-01 v3.1.12 (3.1.12)
\pgffor@iter=\dimen300
\pgffor@skip=\dimen301
\pgffor@stack=\toks36
\pgffor@toks=\toks37
)) (c:/Users/bikra/AppData/Roaming/TinyTeX/texmf-dist/tex/generic/pgf/frontendlayer/tikz/tikz.code.tex
Package: tikz 2026-08-01 v3.1.12 (3.1.12)
(c:/Users/bikra/AppData/Roaming/TinyTeX/texmf-dist/tex/generic/pgf/libraries/pgflibraryplothandlers.code.tex
File: pgflibraryplothandlers.code.tex 2026-08-01 v3.1.12 (3.1.12)
\pgf@plot@mark@count=\count348
\pgfplotmarksize=\dimen302
)
\tikz@lastx=\dimen303
\tikz@lasty=\dimen304
\tikz@lastxsaved=\dimen305
\tikz@lastysaved=\dimen306
\tikz@lastmovetox=\dimen307
\tikz@lastmovetoy=\dimen308
\tikzleveldistance=\dimen309
\tikzsiblingdistance=\dimen310
\tikz@figbox=\box74
\tikz@figbox@bg=\box75
\tikz@tempbox=\box76
\tikz@tempbox@bg=\box77
\tikztreelevel=\count349
\tikznumberofchildren=\count350
\tikznumberofcurrentchild=\count351
\tikz@fig@count=\count352
(c:/Users/bikra/AppData/Roaming/TinyTeX/texmf-dist/tex/generic/pgf/modules/pgfmodulematrix.code.tex
File: pgfmodulematrix.code.tex 2026-08-01 v3.1.12 (3.1.12)
\pgfmatrixcurrentrow=\count353
\pgfmatrixcurrentcolumn=\count354
\pgf@matrix@numberofcolumns=\count355
)
\tikz@expandcount=\count356
(c:/Users/bikra/AppData/Roaming/TinyTeX/texmf-dist/tex/generic/pgf/frontendlayer/tikz/libraries/tikzlibrarytopaths.code.tex
File: tikzlibrarytopaths.code.tex 2026-08-01 v3.1.12 (3.1.12)
))) (c:/Users/bikra/AppData/Roaming/TinyTeX/texmf-dist/tex/latex/tools/verbatim.sty
Package: verbatim 2024-01-22 v1.5x LaTeX2e package for verbatim enhancements
\every@verbatim=\toks38
\verbatim@line=\toks39
\verbatim@in@stream=\read4
) (c:/Users/bikra/AppData/Roaming/TinyTeX/texmf-dist/tex/latex/environ/environ.sty
Package: environ 2014/05/04 v0.3 A new way to define environments
(c:/Users/bikra/AppData/Roaming/TinyTeX/texmf-dist/tex/latex/trimspaces/trimspaces.sty
Package: trimspaces 2009/09/17 v1.1 Trim spaces around a token list
))
\tcb@titlebox=\box78
\tcb@upperbox=\box79
\tcb@lowerbox=\box80
\tcb@phantombox=\box81
\c@tcbbreakpart=\count357
\c@tcblayer=\count358
\c@tcolorbox@number=\count359
\l__tcobox_tmpa_box=\box82
\l__tcobox_tmpa_dim=\dimen311
\tcb@temp=\box83
\tcb@temp=\box84
\tcb@temp=\box85
\tcb@temp=\box86
(c:/Users/bikra/AppData/Roaming/TinyTeX/texmf-dist/tex/latex/tcolorbox/tcbskins.code.tex
Library (tcolorbox): 'tcbskins.code.tex' version '6.10.0'
(c:/Users/bikra/AppData/Roaming/TinyTeX/texmf-dist/tex/latex/tikzfill/tikzfill.image.sty
Package: tikzfill.image 2026/04/23 v1.2.0 Image filling library for TikZ
(c:/Users/bikra/AppData/Roaming/TinyTeX/texmf-dist/tex/latex/tikzfill/tikzlibraryfill.image.code.tex
File: tikzlibraryfill.image.code.tex 2026/04/23 v1.2.0 Image filling library
\l__tikzfill_tmpa_dim=\dimen312
\l__tikzfill_tmpb_dim=\dimen313
\l__tikzfill_img_box=\box87
)) (c:/Users/bikra/AppData/Roaming/TinyTeX/texmf-dist/tex/latex/tcolorbox/tcbskinsjigsaw.code.tex
Library (tcolorbox): 'tcbskinsjigsaw.code.tex' version '6.10.0'
)) (c:/Users/bikra/AppData/Roaming/TinyTeX/texmf-dist/tex/latex/tcolorbox/tcbbreakable.code.tex
Library (tcolorbox): 'tcbbreakable.code.tex' version '6.10.0'
(c:/Users/bikra/AppData/Roaming/TinyTeX/texmf-dist/tex/latex/pdfcol/pdfcol.sty
Package: pdfcol 2026-06-20 v1.8 Handle new color stacks for pdfTeX (HO)
(c:/Users/bikra/AppData/Roaming/TinyTeX/texmf-dist/tex/generic/ltxcmds/ltxcmds.sty
Package: ltxcmds 2023-12-04 v1.26 LaTeX kernel commands for general use (HO)
) (c:/Users/bikra/AppData/Roaming/TinyTeX/texmf-dist/tex/generic/infwarerr/infwarerr.sty
Package: infwarerr 2019/12/03 v1.5 Providing info/warning/error messages (HO)
)
Package pdfcol Info: Interface disabled because of missing PDF mode of pdfTeX.
)
Package pdfcol Info: pdfTeX's color stacks are not available.
\tcb@testbox=\box88
\tcb@totalupperbox=\box89
\tcb@totallowerbox=\box90
)) (c:/Users/bikra/AppData/Roaming/TinyTeX/texmf-dist/tex/latex/fontawesome5/fontawesome5.sty
Package: fontawesome5 2022/05/02 v5.15.4 Font Awesome 5
(c:/Users/bikra/AppData/Roaming/TinyTeX/texmf-dist/tex/latex/fontawesome5/fontawesome5-utex-helper.sty
Package: fontawesome5-utex-helper 2022/05/02 v5.15.4 uTeX helper for fontawesome5
LaTeX Font Info:    Trying to load font information for TU+fontawesomefree on input line 69.
(c:/Users/bikra/AppData/Roaming/TinyTeX/texmf-dist/tex/latex/fontawesome5/tufontawesomefree.fd)
LaTeX Font Info:    Trying to load font information for TU+fontawesomebrands on input line 70.
(c:/Users/bikra/AppData/Roaming/TinyTeX/texmf-dist/tex/latex/fontawesome5/tufontawesomebrands.fd))) (c:/Users/bikra/AppData/Roaming/TinyTeX/texmf-dist/tex/latex/bookmark/bookmark.sty
Package: bookmark 2026-05-21 v1.32 PDF bookmarks (HO)
(c:/Users/bikra/AppData/Roaming/TinyTeX/texmf-dist/tex/latex/hyperref/hyperref.sty
Package: hyperref 2026-06-17 v7.01r Hypertext links for LaTeX
(c:/Users/bikra/AppData/Roaming/TinyTeX/texmf-dist/tex/latex/kvsetkeys/kvsetkeys.sty
Package: kvsetkeys 2022-10-05 v1.19 Key value parser (HO)
) (c:/Users/bikra/AppData/Roaming/TinyTeX/texmf-dist/tex/generic/kvdefinekeys/kvdefinekeys.sty
Package: kvdefinekeys 2019-12-19 v1.6 Define keys (HO)
) (c:/Users/bikra/AppData/Roaming/TinyTeX/texmf-dist/tex/generic/pdfescape/pdfescape.sty
Package: pdfescape 2019/12/09 v1.15 Implements pdfTeX's escape features (HO)
(c:/Users/bikra/AppData/Roaming/TinyTeX/texmf-dist/tex/generic/pdftexcmds/pdftexcmds.sty
Package: pdftexcmds 2020-06-27 v0.33 Utility functions of pdfTeX for LuaTeX (HO)
Package pdftexcmds Info: \pdf@primitive is available.
Package pdftexcmds Info: \pdf@ifprimitive is available.
Package pdftexcmds Info: \pdfdraftmode not found.
)) (c:/Users/bikra/AppData/Roaming/TinyTeX/texmf-dist/tex/latex/hycolor/hycolor.sty
Package: hycolor 2020-01-27 v1.10 Color options for hyperref/bookmark (HO)
) (c:/Users/bikra/AppData/Roaming/TinyTeX/texmf-dist/tex/latex/hyperref/nameref.sty
Package: nameref 2026-01-29 v2.58 Cross-referencing by name of section
(c:/Users/bikra/AppData/Roaming/TinyTeX/texmf-dist/tex/latex/refcount/refcount.sty
Package: refcount 2019/12/15 v3.6 Data extraction from label references (HO)
) (c:/Users/bikra/AppData/Roaming/TinyTeX/texmf-dist/tex/generic/gettitlestring/gettitlestring.sty
Package: gettitlestring 2019/12/15 v1.6 Cleanup title references (HO)
(c:/Users/bikra/AppData/Roaming/TinyTeX/texmf-dist/tex/latex/kvoptions/kvoptions.sty
Package: kvoptions 2022-06-15 v3.15 Key value format for package options (HO)
))
\c@section@level=\count360
) (c:/Users/bikra/AppData/Roaming/TinyTeX/texmf-dist/tex/generic/stringenc/stringenc.sty
Package: stringenc 2019/11/29 v1.12 Convert strings between diff. encodings (HO)
)
\@linkdim=\dimen314
\Hy@linkcounter=\count361
\Hy@pagecounter=\count362
(c:/Users/bikra/AppData/Roaming/TinyTeX/texmf-dist/tex/latex/hyperref/pd1enc.def
File: pd1enc.def 2026-06-17 v7.01r Hyperref: PDFDocEncoding definition (HO)
) (c:/Users/bikra/AppData/Roaming/TinyTeX/texmf-dist/tex/generic/intcalc/intcalc.sty
Package: intcalc 2019/12/15 v1.3 Expandable calculations with integers (HO)
)
\Hy@SavedSpaceFactor=\count363
(c:/Users/bikra/AppData/Roaming/TinyTeX/texmf-dist/tex/latex/hyperref/puenc.def
File: puenc.def 2026-06-17 v7.01r Hyperref: PDF Unicode definition (HO)
)
Package hyperref Info: Option `unicode' set `true' on input line 4070.
Package hyperref Info: Hyper figures OFF on input line 4199.
Package hyperref Info: Link nesting OFF on input line 4204.
Package hyperref Info: Hyper index ON on input line 4207.
Package hyperref Info: Plain pages OFF on input line 4214.
Package hyperref Info: Backreferencing OFF on input line 4219.
Package hyperref Info: Implicit mode ON; LaTeX internals redefined.
Package hyperref Info: Bookmarks ON on input line 4466.
\c@Hy@tempcnt=\count364
(c:/Users/bikra/AppData/Roaming/TinyTeX/texmf-dist/tex/latex/url/url.sty
\Urlmuskip=\muskip19
Package: url 2013/09/16  ver 3.4  Verb mode for urls, etc.
)
LaTeX Info: Redefining \url on input line 4805.
\XeTeXLinkMargin=\dimen315
(c:/Users/bikra/AppData/Roaming/TinyTeX/texmf-dist/tex/generic/bitset/bitset.sty
Package: bitset 2019/12/09 v1.3 Handle bit-vector datatype (HO)
(c:/Users/bikra/AppData/Roaming/TinyTeX/texmf-dist/tex/generic/bigintcalc/bigintcalc.sty
Package: bigintcalc 2019/12/15 v1.5 Expandable calculations on big integers (HO)
))
\Fld@menulength=\count365
\Field@Width=\dimen316
\Fld@charsize=\dimen317
Package hyperref Info: Hyper figures OFF on input line 6091.
Package hyperref Info: Link nesting OFF on input line 6096.
Package hyperref Info: Hyper index ON on input line 6099.
Package hyperref Info: backreferencing OFF on input line 6106.
Package hyperref Info: Link coloring OFF on input line 6111.
Package hyperref Info: Link coloring with OCG OFF on input line 6116.
Package hyperref Info: PDF/A mode OFF on input line 6121.
\Hy@abspage=\count366
\c@Item=\count367
\c@Hfootnote=\count368
)
Package hyperref Info: Driver (autodetected): hxetex.
(c:/Users/bikra/AppData/Roaming/TinyTeX/texmf-dist/tex/latex/hyperref/hxetex.def
File: hxetex.def 2026-06-17 v7.01r Hyperref driver for XeTeX
\pdfm@box=\box91
\c@Hy@AnnotLevel=\count369
\HyField@AnnotCount=\count370
\Fld@listcount=\count371
\c@bookmark@seq@number=\count372
(c:/Users/bikra/AppData/Roaming/TinyTeX/texmf-dist/tex/latex/rerunfilecheck/rerunfilecheck.sty
Package: rerunfilecheck 2025-06-21 v1.11 Rerun checks for auxiliary files (HO)
(c:/Users/bikra/AppData/Roaming/TinyTeX/texmf-dist/tex/generic/uniquecounter/uniquecounter.sty
Package: uniquecounter 2019/12/15 v1.4 Provide unlimited unique counter (HO)
)
Package uniquecounter Info: New unique counter `rerunfilecheck' on input line 284.
)
\Hy@SectionHShift=\skip84
) (c:/Users/bikra/AppData/Roaming/TinyTeX/texmf-dist/tex/latex/bookmark/bkm-xetex.def
File: bkm-xetex.def 2026-05-21 v1.32 bookmark driver for xetex (HO)
\BKM@id=\count373
)) (c:/Users/bikra/AppData/Roaming/TinyTeX/texmf-dist/tex/latex/float/float.sty
Package: float 2001/11/08 v1.3d Float enhancements (AL)
\c@float@type=\count374
\float@exts=\toks40
\float@box=\box92
\@float@everytoks=\toks41
\@floatcapt=\box93
)
\@float@every@codelisting=\toks42
\c@codelisting=\count375
(c:/Users/bikra/AppData/Roaming/TinyTeX/texmf-dist/tex/latex/caption/subcaption.sty
Package: subcaption 2023/07/28 v1.6b Sub-captions (AR)
Package caption Info: New subtype `subfigure' on input line 238.
\c@subfigure=\count376
Package caption Info: New subtype `subtable' on input line 238.
\c@subtable=\count377
) (c:/Users/bikra/AppData/Roaming/TinyTeX/texmf-dist/tex/latex/sidenotes/sidenotes.sty
Package: sidenotes 2024/09/12 v1.20 Rich text in the margin for LaTeX
(c:/Users/bikra/AppData/Roaming/TinyTeX/texmf-dist/tex/latex/marginnote/marginnote.sty
Package: marginnote 2026-06-15 1.5 non floating margin notes for LaTeX 
\c@mn@abspage=\count378
) (c:/Users/bikra/AppData/Roaming/TinyTeX/texmf-dist/tex/latex/changepage/changepage.sty
Package: changepage 2009/10/20 v1.0c check page and change page layout
\c@cp@cntr=\count379
\cp@tempcnt=\count380
)
\c@sidenote=\count381
\@sidenotes@marginfigurebox=\box94
\@sidenotes@margintablebox=\box95
)
Package hyperref Info: Option `colorlinks' set `true' on input line 284.
No file index.aux.
\openout1 = `index.aux'.

LaTeX Font Info:    Checking defaults for OML/cmm/m/it on input line 297.
LaTeX Font Info:    ... okay on input line 297.
LaTeX Font Info:    Checking defaults for OMS/cmsy/m/n on input line 297.
LaTeX Font Info:    ... okay on input line 297.
LaTeX Font Info:    Checking defaults for OT1/cmr/m/n on input line 297.
LaTeX Font Info:    ... okay on input line 297.
LaTeX Font Info:    Checking defaults for T1/cmr/m/n on input line 297.
LaTeX Font Info:    ... okay on input line 297.
LaTeX Font Info:    Checking defaults for TS1/cmr/m/n on input line 297.
LaTeX Font Info:    ... okay on input line 297.
LaTeX Font Info:    Checking defaults for TU/lmr/m/n on input line 297.
LaTeX Font Info:    ... okay on input line 297.
LaTeX Font Info:    Checking defaults for OMX/cmex/m/n on input line 297.
LaTeX Font Info:    ... okay on input line 297.
LaTeX Font Info:    Checking defaults for U/cmr/m/n on input line 297.
LaTeX Font Info:    ... okay on input line 297.
LaTeX Font Info:    Checking defaults for PD1/pdf/m/n on input line 297.
LaTeX Font Info:    ... okay on input line 297.
LaTeX Font Info:    Checking defaults for PU/pdf/m/n on input line 297.
LaTeX Font Info:    ... okay on input line 297.
Package scrbase Info: activating english \abstractname on input line 297.
Package scrbase Info: activating english \partname on input line 297.
Package scrbase Info: activating english \chaptername on input line 297.
Package scrbase Info: activating english \appendixname on input line 297.
Package scrbase Info: activating english \figurename on input line 297.
Package scrbase Info: activating english \tablename on input line 297.
Package scrbase Info: activating english \contentsname on input line 297.
Package scrbase Info: activating english \listfigurename on input line 297.
Package scrbase Info: activating english \listtablename on input line 297.
Package scrbase Info: activating english \bibname on input line 297.
Package scrbase Info: activating english \indexname on input line 297.
*geometry* driver: auto-detecting
*geometry* detected driver: xetex
*geometry* verbose mode - [ preamble ] result:
* driver: xetex
* paper: letterpaper
* layout: <same size as paper>
* layoutoffset:(h,v)=(0.0pt,0.0pt)
* modes: 
* h-part:(L,W,R)=(71.13188pt, 472.03123pt, 71.13188pt)
* v-part:(T,H,B)=(85.35826pt, 624.25346pt, 85.35826pt)
* \paperwidth=614.295pt
* \paperheight=794.96999pt
* \textwidth=472.03123pt
* \textheight=624.25346pt
* \oddsidemargin=-1.1381pt
* \evensidemargin=-1.1381pt
* \topmargin=-26.78673pt
* \headheight=18.125pt
* \headsep=21.75pt
* \topskip=12.0pt
* \footskip=50.75pt
* \marginparwidth=55.84499pt
* \marginparsep=12.8401pt
* \columnsep=10.0pt
* \skip\footins=10.8pt plus 4.0pt minus 2.0pt
* \hoffset=0.0pt
* \voffset=0.0pt
* \mag=1000
* \@twocolumnfalse
* \@twosidefalse
* \@mparswitchfalse
* \@reversemarginfalse
* (1in=72.27pt=25.4mm, 1cm=28.453pt)


Package fontspec Info: 
(fontspec)             latinmodern-math scale = 1.037736795366909.


Package fontspec Info: 
(fontspec)             latinmodern-math scale = 1.037736795366909.


Package fontspec Info: 
(fontspec)             latinmodern-math scale = 1.037736795366909.


Package fontspec Info: 
(fontspec)             Font family 'latinmodern-math.otf(0)' created for font
(fontspec)             'latinmodern-math.otf' with options
(fontspec)             [Scale=MatchLowercase,BoldItalicFont={},ItalicFont={},SmallCapsFont={},Script=Math,BoldFont={latinmodern-math.otf}].
(fontspec)              
(fontspec)              This font family consists of the following NFSS
(fontspec)             series/shapes:
(fontspec)              
(fontspec)             - 'normal' (m/n) with NFSS spec.:
(fontspec)             <->s*[1.037736795366909]"[latinmodern-math.otf]/OT:script=math;language=dflt;"
(fontspec)             - 'bold' (b/n) with NFSS spec.:
(fontspec)             <->s*[1.037736795366909]"[latinmodern-math.otf]/OT:script=math;language=dflt;"

LaTeX Font Info:    Font shape `TU/latinmodern-math.otf(0)/m/n' will be
(Font)              scaled to size 12.45282pt on input line 297.

Package fontspec Info: 
(fontspec)             latinmodern-math scale = 1.037736795366909.


Package fontspec Info: 
(fontspec)             latinmodern-math scale = 1.037736795366909.


Package fontspec Info: 
(fontspec)             latinmodern-math scale = 1.037736795366909.


Package fontspec Info: 
(fontspec)             latinmodern-math scale = 1.037736795366909.


Package fontspec Info: 
(fontspec)             latinmodern-math scale = 1.037736795366909.


Package fontspec Info: 
(fontspec)             Font family 'latinmodern-math.otf(1)' created for font
(fontspec)             'latinmodern-math.otf' with options
(fontspec)             [Scale=MatchLowercase,BoldItalicFont={},ItalicFont={},SmallCapsFont={},Script=Math,SizeFeatures={{Size=10.2-},{Size=7.2-10.2,Font=latinmodern-math.otf,Style=MathScript},{Size=-7.2,Font=latinmodern-math.otf,Style=MathScriptScript}},BoldFont={latinmodern-math.otf}].
(fontspec)              
(fontspec)              This font family consists of the following NFSS
(fontspec)             series/shapes:
(fontspec)              
(fontspec)             - 'normal' (m/n) with NFSS spec.:
(fontspec)             <10.2->s*[1.037736795366909]"[latinmodern-math.otf]/OT:script=math;language=dflt;"<7.2-10.2>s*[1.037736795366909]"[latinmodern-math.otf]/OT:script=math;language=dflt;+ssty=0;"<-7.2>s*[1.037736795366909]"[latinmodern-math.otf]/OT:script=math;language=dflt;+ssty=1;"
(fontspec)             - 'bold' (b/n) with NFSS spec.:
(fontspec)             <->s*[1.037736795366909]"[latinmodern-math.otf]/OT:script=math;language=dflt;"

LaTeX Font Info:    Font shape `TU/latinmodern-math.otf(1)/m/n' will be
(Font)              scaled to size 12.45282pt on input line 297.
LaTeX Font Info:    Encoding `OT1' has changed to `TU' for symbol font
(Font)              `operators' in the math version `normal' on input line 297.
LaTeX Font Info:    Overwriting symbol font `operators' in version `normal'
(Font)                  OT1/lmr/m/n --> TU/latinmodern-math.otf(1)/m/n on input line 297.
LaTeX Font Info:    Encoding `OT1' has changed to `TU' for symbol font
(Font)              `operators' in the math version `bold' on input line 297.
LaTeX Font Info:    Overwriting symbol font `operators' in version `bold'
(Font)                  OT1/lmr/bx/n --> TU/latinmodern-math.otf(1)/b/n on input line 297.

Package fontspec Info: 
(fontspec)             latinmodern-math scale = 1.037736795366909.


Package fontspec Info: 
(fontspec)             latinmodern-math scale = 1.037840569046446.


Package fontspec Info: 
(fontspec)             latinmodern-math scale = 1.037736795366909.


Package fontspec Info: 
(fontspec)             latinmodern-math scale = 1.037840569046446.


Package fontspec Info: 
(fontspec)             latinmodern-math scale = 1.037736795366909.


Package fontspec Info: 
(fontspec)             latinmodern-math scale = 1.037840569046446.


Package fontspec Info: 
(fontspec)             latinmodern-math scale = 1.037736795366909.


Package fontspec Info: 
(fontspec)             latinmodern-math scale = 1.037840569046446.


Package fontspec Info: 
(fontspec)             latinmodern-math scale = 1.037736795366909.


Package fontspec Info: 
(fontspec)             latinmodern-math scale = 1.037840569046446.


Package fontspec Info: 
(fontspec)             Font family 'latinmodern-math.otf(2)' created for font
(fontspec)             'latinmodern-math.otf' with options
(fontspec)             [Scale=MatchLowercase,BoldItalicFont={},ItalicFont={},SmallCapsFont={},Script=Math,SizeFeatures={{Size=10.2-},{Size=7.2-10.2,Font=latinmodern-math.otf,Style=MathScript},{Size=-7.2,Font=latinmodern-math.otf,Style=MathScriptScript}},BoldFont={latinmodern-math.otf},ScaleAgain=1.0001,FontAdjustment={\fontdimen
(fontspec)             8\font =8.43056pt\relax \fontdimen 9\font
(fontspec)             =4.90642pt\relax \fontdimen 10\font =5.52905pt\relax
(fontspec)             \fontdimen 11\font =8.54263pt\relax \fontdimen 12\font
(fontspec)             =4.29622pt\relax \fontdimen 13\font =4.52037pt\relax
(fontspec)             \fontdimen 14\font =4.52037pt\relax \fontdimen 15\font
(fontspec)             =3.59886pt\relax \fontdimen 16\font =3.07585pt\relax
(fontspec)             \fontdimen 17\font =3.07585pt\relax \fontdimen 18\font
(fontspec)             =3.1132pt\relax \fontdimen 19\font =2.49057pt\relax
(fontspec)             \fontdimen 22\font =3.1132pt\relax \fontdimen 20\font
(fontspec)             =0pt\relax \fontdimen 21\font =0pt\relax }].
(fontspec)              
(fontspec)              This font family consists of the following NFSS
(fontspec)             series/shapes:
(fontspec)              
(fontspec)             - 'normal' (m/n) with NFSS spec.:
(fontspec)             <10.2->s*[1.037840569046446]"[latinmodern-math.otf]/OT:script=math;language=dflt;"<7.2-10.2>s*[1.037840569046446]"[latinmodern-math.otf]/OT:script=math;language=dflt;+ssty=0;"<-7.2>s*[1.037840569046446]"[latinmodern-math.otf]/OT:script=math;language=dflt;+ssty=1;"
(fontspec)             - 'bold' (b/n) with NFSS spec.:
(fontspec)             <->s*[1.037840569046446]"[latinmodern-math.otf]/OT:script=math;language=dflt;"

LaTeX Font Info:    Encoding `OMS' has changed to `TU' for symbol font
(Font)              `symbols' in the math version `normal' on input line 297.
LaTeX Font Info:    Overwriting symbol font `symbols' in version `normal'
(Font)                  OMS/lmsy/m/n --> TU/latinmodern-math.otf(2)/m/n on input line 297.
LaTeX Font Info:    Encoding `OMS' has changed to `TU' for symbol font
(Font)              `symbols' in the math version `bold' on input line 297.
LaTeX Font Info:    Overwriting symbol font `symbols' in version `bold'
(Font)                  OMS/lmsy/b/n --> TU/latinmodern-math.otf(2)/b/n on input line 297.

Package fontspec Info: 
(fontspec)             latinmodern-math scale = 1.037736795366909.


Package fontspec Info: 
(fontspec)             latinmodern-math scale = 1.037633021687372.


Package fontspec Info: 
(fontspec)             latinmodern-math scale = 1.037736795366909.


Package fontspec Info: 
(fontspec)             latinmodern-math scale = 1.037633021687372.


Package fontspec Info: 
(fontspec)             latinmodern-math scale = 1.037736795366909.


Package fontspec Info: 
(fontspec)             latinmodern-math scale = 1.037633021687372.


Package fontspec Info: 
(fontspec)             latinmodern-math scale = 1.037736795366909.


Package fontspec Info: 
(fontspec)             latinmodern-math scale = 1.037633021687372.


Package fontspec Info: 
(fontspec)             latinmodern-math scale = 1.037736795366909.


Package fontspec Info: 
(fontspec)             latinmodern-math scale = 1.037633021687372.


Package fontspec Info: 
(fontspec)             Font family 'latinmodern-math.otf(3)' created for font
(fontspec)             'latinmodern-math.otf' with options
(fontspec)             [Scale=MatchLowercase,BoldItalicFont={},ItalicFont={},SmallCapsFont={},Script=Math,SizeFeatures={{Size=10.2-},{Size=7.2-10.2,Font=latinmodern-math.otf,Style=MathScript},{Size=-7.2,Font=latinmodern-math.otf,Style=MathScriptScript}},BoldFont={latinmodern-math.otf},ScaleAgain=0.9999,FontAdjustment={\fontdimen
(fontspec)             8\font =0.49811pt\relax \fontdimen 9\font
(fontspec)             =2.49057pt\relax \fontdimen 10\font =2.07962pt\relax
(fontspec)             \fontdimen 11\font =1.38226pt\relax \fontdimen 12\font
(fontspec)             =7.4717pt\relax \fontdimen 13\font =0pt\relax }].
(fontspec)              
(fontspec)              This font family consists of the following NFSS
(fontspec)             series/shapes:
(fontspec)              
(fontspec)             - 'normal' (m/n) with NFSS spec.:
(fontspec)             <10.2->s*[1.037633021687372]"[latinmodern-math.otf]/OT:script=math;language=dflt;"<7.2-10.2>s*[1.037633021687372]"[latinmodern-math.otf]/OT:script=math;language=dflt;+ssty=0;"<-7.2>s*[1.037633021687372]"[latinmodern-math.otf]/OT:script=math;language=dflt;+ssty=1;"
(fontspec)             - 'bold' (b/n) with NFSS spec.:
(fontspec)             <->s*[1.037633021687372]"[latinmodern-math.otf]/OT:script=math;language=dflt;"

LaTeX Font Info:    Encoding `OMX' has changed to `TU' for symbol font
(Font)              `largesymbols' in the math version `normal' on input line 297.
LaTeX Font Info:    Overwriting symbol font `largesymbols' in version `normal'
(Font)                  OMX/lmex/m/n --> TU/latinmodern-math.otf(3)/m/n on input line 297.
LaTeX Font Info:    Encoding `OMX' has changed to `TU' for symbol font
(Font)              `largesymbols' in the math version `bold' on input line 297.
LaTeX Font Info:    Overwriting symbol font `largesymbols' in version `bold'
(Font)                  OMX/lmex/m/n --> TU/latinmodern-math.otf(3)/b/n on input line 297.
Package caption Info: Begin \AtBeginDocument code.
Package caption Info: changepage package is loaded.
\caption@adjustwidth@hsize=\dimen318
\caption@adjustwidth@linewidth=\dimen319
Package caption Info: float package is loaded.
Package caption Info: hyperref package is loaded.
Package caption Info: End \AtBeginDocument code.
Package hyperref Info: Link coloring ON on input line 297.

Package hyperref Warning: Rerun to get /PageLabels entry.

\@sidenotes@extrawidth=\skip85
LaTeX Font Info:    Font shape `TU/Arial(0)/m/n' will be
(Font)              scaled to size 10.35022pt on input line 299.
LaTeX Font Info:    Font shape `TU/Arial(0)/b/n' will be
(Font)              scaled to size 10.35022pt on input line 299.
LaTeX Font Info:    Font shape `TU/Arial(0)/b/n' will be
(Font)              scaled to size 21.45946pt on input line 299.
LaTeX Font Info:    Font shape `TU/Arial(0)/b/n' will be
(Font)              scaled to size 12.42026pt on input line 299.
LaTeX Font Info:    Font shape `TU/TimesNewRoman(0)/m/n' will be
(Font)              scaled to size 17.28pt on input line 299.
[1



]
No file index.toc.
\tf@toc=\write5
\openout5 = `index.toc'.

[2

]
No file index.lof.
\tf@lof=\write6
\openout6 = `index.lof'.

[3

]
No file index.lot.
\tf@lot=\write7
\openout7 = `index.lot'.

[4

] [5

]
part I.
Package scrkbase Info: You've told me to use the font selection of the element
(scrkbase)             `partprefix' that is an alias of element `partnumber'
(scrkbase)              on input line 339.
[6

]
chapter 1.
LaTeX Font Info:    Font shape `TU/Arial(0)/b/n' will be
(Font)              scaled to size 14.90431pt on input line 343.
LaTeX Font Info:    Font shape `TU/TimesNewRoman(0)/b/n' will be
(Font)              scaled to size 12.0pt on input line 347.
[7

]
LaTeX Font Info:    Font shape `TU/latinmodern-math.otf(1)/m/n' will be
(Font)              scaled to size 8.71696pt on input line 395.
LaTeX Font Info:    Font shape `TU/latinmodern-math.otf(1)/m/n' will be
(Font)              scaled to size 6.22641pt on input line 395.
LaTeX Font Info:    Trying to load font information for OML+lmm on input line 395.
(c:/Users/bikra/AppData/Roaming/TinyTeX/texmf-dist/tex/latex/lm/omllmm.fd
File: omllmm.fd 2015/05/01 v1.6.1 Font defs for Latin Modern
)
LaTeX Font Info:    Font shape `TU/latinmodern-math.otf(2)/m/n' will be
(Font)              scaled to size 12.4541pt on input line 395.
LaTeX Font Info:    Font shape `TU/latinmodern-math.otf(2)/m/n' will be
(Font)              scaled to size 8.71785pt on input line 395.
LaTeX Font Info:    Font shape `TU/latinmodern-math.otf(2)/m/n' will be
(Font)              scaled to size 6.22705pt on input line 395.
LaTeX Font Info:    Font shape `TU/latinmodern-math.otf(3)/m/n' will be
(Font)              scaled to size 12.45154pt on input line 395.
LaTeX Font Info:    Font shape `TU/latinmodern-math.otf(3)/m/n' will be
(Font)              scaled to size 8.71606pt on input line 395.
LaTeX Font Info:    Font shape `TU/latinmodern-math.otf(3)/m/n' will be
(Font)              scaled to size 6.22577pt on input line 395.
LaTeX Font Info:    Trying to load font information for U+msa on input line 395.
(c:/Users/bikra/AppData/Roaming/TinyTeX/texmf-dist/tex/latex/amsfonts/umsa.fd
File: umsa.fd 2013/01/14 v3.01 AMS symbols A
)
LaTeX Font Info:    Trying to load font information for U+msb on input line 395.
(c:/Users/bikra/AppData/Roaming/TinyTeX/texmf-dist/tex/latex/amsfonts/umsb.fd
File: umsb.fd 2013/01/14 v3.01 AMS symbols B
) [8]
File: section1/Chapter1/Pictures/picture_2.png Graphic file (type bmp)
<section1/Chapter1/Pictures/picture_2.png>
LaTeX Font Info:    Font shape `TU/TimesNewRoman(0)/m/it' will be
(Font)              scaled to size 12.0pt on input line 438.
[9]
LaTeX Font Info:    Font shape `TU/CourierNew(0)/m/n' will be
(Font)              scaled to size 12.69287pt on input line 491.
File: section1/Chapter1/Pictures/picture_6.png Graphic file (type bmp)
<section1/Chapter1/Pictures/picture_6.png>
[10]
Underfull \hbox (badness 10000) in paragraph at lines 494--496
[][]
 []


Package longtable Warning: Column widths have changed
(longtable)                in table 1.1 on input line 515.

[11]

Package longtable Warning: Column widths have changed
(longtable)                in table 1.2 on input line 538.

[12]

Package longtable Warning: Column widths have changed
(longtable)                in table 1.3 on input line 555.


Package longtable Warning: Column widths have changed
(longtable)                in table 1.4 on input line 585.

[13]

Package longtable Warning: Column widths have changed
(longtable)                in table 1.5 on input line 602.


Package longtable Warning: Column widths have changed
(longtable)                in table 1.6 on input line 628.

[14]

Package longtable Warning: Column widths have changed
(longtable)                in table 1.7 on input line 645.


Package longtable Warning: Column widths have changed
(longtable)                in table 1.8 on input line 662.

[15]

Package longtable Warning: Column widths have changed
(longtable)                in table 1.9 on input line 681.


Package longtable Warning: Column widths have changed
(longtable)                in table 1.10 on input line 705.

[16]

Package longtable Warning: Column widths have changed
(longtable)                in table 1.11 on input line 723.


Package longtable Warning: Column widths have changed
(longtable)                in table 1.12 on input line 740.


Package longtable Warning: Column widths have changed
(longtable)                in table 1.13 on input line 759.

[17]

Package longtable Warning: Column widths have changed
(longtable)                in table 1.14 on input line 774.


Package longtable Warning: Column widths have changed
(longtable)                in table 1.15 on input line 792.

[18]

Package longtable Warning: Column widths have changed
(longtable)                in table 1.16 on input line 808.


Package longtable Warning: Column widths have changed
(longtable)                in table 1.17 on input line 835.

[19]
chapter 2.
File: section1/Chapter2/images/3e0c562c-f5ad-424b-bb2b-9d6e3c6d0152.png Graphic file (type bmp)
<section1/Chapter2/images/3e0c562c-f5ad-424b-bb2b-9d6e3c6d0152.png>
[20

] [21]
LaTeX Font Info:    Font shape `TU/CourierNew(0)/m/it' will be
(Font)              scaled to size 12.69287pt on input line 917.
LaTeX Font Info:    Font shape `TU/CourierNew(0)/b/n' will be
(Font)              scaled to size 12.10565pt on input line 921.
[22] [23] [24] [25] [26] [27] [28] [29] [30] [31] [32] [33] [34]
File: section1/Chapter2/Pictures/picture_8.png Graphic file (type bmp)
<section1/Chapter2/Pictures/picture_8.png>

Overfull \hbox (158.75183pt too wide) in paragraph at lines 1561--1563
[][] 
 []

[35] [36]
File: section1/Chapter2/Pictures/picture_10.png Graphic file (type bmp)
<section1/Chapter2/Pictures/picture_10.png>

Overfull \hbox (171.53986pt too wide) in paragraph at lines 1575--1577
[][] 
 []

[37] [38] [39]
Overfull \hbox (32.76643pt too wide) in paragraph at lines 1718--1727
\TU/TimesNewRoman(0)/m/n/12 As of Feburary 2024, there were over 20431 packages available on the \TU/TimesNewRoman(0)/b/n/12 C\TU/TimesNewRoman(0)/m/n/12 omprehensive \TU/TimesNewRoman(0)/b/n/12 R A\TU/TimesNewRoman(0)/m/n/12 rchive \TU/TimesNewRoman(0)/b/n/12 N\TU/TimesNewRoman(0)/m/n/12 etwork,
 []

[40]
File: section1/Chapter2/Pictures/steps to import data.png Graphic file (type bmp)
<section1/Chapter2/Pictures/steps to import data.png>

Overfull \hbox (11.98839pt too wide) in paragraph at lines 1738--1739
[][] 
 []

[41] [42] [43] [44]
Overfull \hbox (33.22719pt too wide) in paragraph at lines 1900--1900
[]\TU/CourierNew(0)/m/n/12 #>    <dbl> <dbl> <dbl> <dbl> <dbl> <dbl> <dbl> <dbl> <dbl> <dbl> <dbl>[] 
 []

[45]
File: section1/Chapter2/Pictures/picture_12.png Graphic file (type bmp)
<section1/Chapter2/Pictures/picture_12.png>

Overfull \hbox (503.58437pt too wide) in paragraph at lines 1970--1971
[][] 
 []

[46]
File: section1/Chapter2/Pictures/Picture16.png Graphic file (type bmp)
<section1/Chapter2/Pictures/Picture16.png>

Overfull \hbox (36.08864pt too wide) in paragraph at lines 1975--1976
[][] 
 []

[47] [48] [49] [50]
Underfull \hbox (badness 2512) in paragraph at lines 2134--2137
[]\TU/TimesNewRoman(0)/m/n/12 To access specific cell from the data frame: \TU/CourierNew(0)/m/n/12 dataframe_name[row_index,
 []


Overfull \hbox (7.16716pt too wide) in paragraph at lines 2140--2142
[]\TU/TimesNewRoman(0)/m/n/12 To access specific column from the data frame: \TU/CourierNew(0)/m/n/12 dataframe_name[, column_index] 
 []

[51]
Overfull \hbox (109.39685pt too wide) in paragraph at lines 2163--2163
[]\TU/CourierNew(0)/m/n/12 #>  [1] 21.0 21.0 22.8 21.4 18.7 18.1 14.3 24.4 22.8 19.2 17.8 16.4 17.3 15.2 10.4[] 
 []


Overfull \hbox (111.93584pt too wide) in paragraph at lines 2164--2164
[]\TU/CourierNew(0)/m/n/12 #> [16] 10.4 14.7 32.4 30.4 33.9 21.5 15.5 15.2 13.3 19.2 27.3 26.0 30.4 15.8 19.7[] 
 []

[52] [53] [54]
Overfull \hbox (28.14922pt too wide) in paragraph at lines 2272--2272
[]\TU/CourierNew(0)/m/n/12 #>   <dbl> <dbl> <dbl> <dbl> <dbl> <dbl> <dbl> <dbl> <dbl> <dbl> <dbl>[] 
 []


Overfull \hbox (33.22719pt too wide) in paragraph at lines 2285--2285
[]\TU/CourierNew(0)/m/n/12 #>    <dbl> <dbl> <dbl> <dbl> <dbl> <dbl> <dbl> <dbl> <dbl> <dbl> <dbl>[] 
 []


Overfull \hbox (28.14922pt too wide) in paragraph at lines 2308--2308
[]\TU/CourierNew(0)/m/n/12 #>   <dbl> <dbl> <dbl> <dbl> <dbl> <dbl> <dbl> <dbl> <dbl> <dbl> <dbl>[] 
 []

[55] [56]
Overfull \hbox (33.22719pt too wide) in paragraph at lines 2357--2357
[]\TU/CourierNew(0)/m/n/12 #>    <dbl> <dbl> <dbl> <dbl> <dbl> <dbl> <dbl> <dbl> <dbl> <dbl> <dbl>[] 
 []


Overfull \hbox (33.22719pt too wide) in paragraph at lines 2379--2379
[]\TU/CourierNew(0)/m/n/12 #>    <dbl> <dbl> <dbl> <dbl> <dbl> <dbl> <dbl> <dbl> <dbl> <dbl> <dbl>[] 
 []

[57]
Overfull \hbox (33.22725pt too wide) in paragraph at lines 2410--2410
[]\TU/CourierNew(0)/m/n/12 #>  $ mpg : num [1:32] 21 21 22.8 21.4 18.7 18.1 14.3 24.4 22.8 19.2 ...[] 
 []


Overfull \hbox (51.00015pt too wide) in paragraph at lines 2414--2414
[]\TU/CourierNew(0)/m/n/12 #>  $ drat: num [1:32] 3.9 3.9 3.85 3.08 3.15 2.76 3.21 3.69 3.92 3.92 ...[] 
 []

[58]
Overfull \hbox (114.4748pt too wide) in paragraph at lines 2447--2447
[]\TU/CourierNew(0)/m/n/12 #> $ mpg  <dbl> 21.0, 21.0, 22.8, 21.4, 18.7, 18.1, 14.3, 24.4, 22.8, 19.2, 17.8,~[] 
 []


Overfull \hbox (86.54578pt too wide) in paragraph at lines 2448--2448
[]\TU/CourierNew(0)/m/n/12 #> $ cyl  <dbl> 6, 6, 4, 6, 8, 6, 8, 4, 4, 6, 6, 8, 8, 8, 8, 8, 8, 4, 4, 4, 4, 8,~[] 
 []


Overfull \hbox (119.55273pt too wide) in paragraph at lines 2449--2449
[]\TU/CourierNew(0)/m/n/12 #> $ disp <dbl> 160.0, 160.0, 108.0, 258.0, 360.0, 225.0, 360.0, 146.7, 140.8, 16~[] 
 []


Overfull \hbox (104.31888pt too wide) in paragraph at lines 2450--2450
[]\TU/CourierNew(0)/m/n/12 #> $ hp   <dbl> 110, 110, 93, 110, 175, 105, 245, 62, 95, 123, 123, 180, 180, 180~[] 
 []


Overfull \hbox (117.01378pt too wide) in paragraph at lines 2451--2451
[]\TU/CourierNew(0)/m/n/12 #> $ drat <dbl> 3.90, 3.90, 3.85, 3.08, 3.15, 2.76, 3.21, 3.69, 3.92, 3.92, 3.92,~[] 
 []


Overfull \hbox (114.47476pt too wide) in paragraph at lines 2452--2452
[]\TU/CourierNew(0)/m/n/12 #> $ wt   <dbl> 2.620, 2.875, 2.320, 3.215, 3.440, 3.460, 3.570, 3.190, 3.150, 3.~[] 
 []


Overfull \hbox (119.55273pt too wide) in paragraph at lines 2453--2453
[]\TU/CourierNew(0)/m/n/12 #> $ qsec <dbl> 16.46, 17.02, 18.61, 19.44, 17.02, 20.22, 15.84, 20.00, 22.90, 18~[] 
 []


Overfull \hbox (84.00679pt too wide) in paragraph at lines 2454--2454
[]\TU/CourierNew(0)/m/n/12 #> $ vs   <dbl> 0, 0, 1, 1, 0, 1, 0, 1, 1, 1, 1, 0, 0, 0, 0, 0, 0, 1, 1, 1, 1, 0,~[] 
 []


Overfull \hbox (84.00679pt too wide) in paragraph at lines 2455--2455
[]\TU/CourierNew(0)/m/n/12 #> $ am   <dbl> 1, 1, 1, 0, 0, 0, 0, 0, 0, 0, 0, 0, 0, 0, 0, 0, 0, 1, 1, 1, 0, 0,~[] 
 []


Overfull \hbox (89.08476pt too wide) in paragraph at lines 2456--2456
[]\TU/CourierNew(0)/m/n/12 #> $ gear <dbl> 4, 4, 4, 3, 3, 3, 3, 4, 4, 4, 4, 3, 3, 3, 3, 3, 3, 4, 4, 4, 3, 3,~[] 
 []


Overfull \hbox (89.08476pt too wide) in paragraph at lines 2457--2457
[]\TU/CourierNew(0)/m/n/12 #> $ carb <dbl> 4, 4, 1, 1, 2, 1, 4, 2, 2, 4, 4, 3, 3, 3, 4, 4, 4, 1, 2, 1, 1, 2,~[] 
 []

[59]
Overfull \hbox (58.61711pt too wide) in paragraph at lines 2483--2483
[]\TU/CourierNew(0)/m/n/12 #>  [1] "mpg"  "cyl"  "disp" "hp"   "drat" "wt"   "qsec" "vs"   "am"   "gear"[] 
 []


Overfull \hbox (58.61711pt too wide) in paragraph at lines 2494--2494
[]\TU/CourierNew(0)/m/n/12 #>  [1] "mpg"  "cyl"  "disp" "hp"   "drat" "wt"   "qsec" "vs"   "am"   "gear"[] 
 []

[60]
chapter 3.
[61

] [62] [63] [64] [65] [66] [67] [68] [69] [70] [71] [72] [73] [74] [75] [76] [77] [78] [79] [80] [81] [82] [83] [84] [85] [86] [87] [88] [89] [90] [91] [92] [93] [94] [95]
chapter 4.
[96

] [97]
File: section1/chapter4/Pictures/Figure_11.png Graphic file (type bmp)
<section1/chapter4/Pictures/Figure_11.png>

Overfull \hbox (12.00113pt too wide) in paragraph at lines 4002--4003
[][] 
 []

LaTeX Font Info:    Font shape `TU/TimesNewRoman(0)/m/n' will be
(Font)              scaled to size 8.4pt on input line 4007.
[98]
LaTeX Font Info:    Font shape `TU/TimesNewRoman(0)/b/it' will be
(Font)              scaled to size 12.0pt on input line 4015.
[99]
File: section1/chapter4/Pictures/four-levels-of-measurement-data.jpg Graphic file (type bmp)
<section1/chapter4/Pictures/four-levels-of-measurement-data.jpg>

Overfull \hbox (12.0009pt too wide) in paragraph at lines 4058--4059
[][] 
 []

[100] [101] [102] [103] [104] [105] [106] [107] [108] [109]
chapter 5.
[110

] [111] [112] [113] [114] [115] [116] [117]
Overfull \hbox (10.37634pt too wide) in paragraph at lines 4922--4922
[]\TU/CourierNew(0)/m/n/12 #>  Class :character   1st Qu.:115.0   1st Qu.: 31.0   1st Qu.: 1.000[] 
 []


Overfull \hbox (7.83737pt too wide) in paragraph at lines 4923--4923
[]\TU/CourierNew(0)/m/n/12 #>  Mode  :character   Median :237.0   Median : 67.0   Median : 2.000[] 
 []


Overfull \hbox (23.0713pt too wide) in paragraph at lines 4930--4930
[]\TU/CourierNew(0)/m/n/12 #>  1st Qu.:0.5619   1st Qu.:21.00   1st Qu.:0.0000   Class :character[] 
 []


Overfull \hbox (20.53233pt too wide) in paragraph at lines 4931--4931
[]\TU/CourierNew(0)/m/n/12 #>  Median :0.8889   Median :29.00   Median :0.0000   Mode  :character[] 
 []

[118]
Overfull \hbox (30.68825pt too wide) in paragraph at lines 4938--4938
[]\TU/CourierNew(0)/m/n/12 #>  Class :character   1st Qu.:1.000   1st Qu.:1.000   Class :character[] 
 []


Overfull \hbox (25.6103pt too wide) in paragraph at lines 4939--4939
[]\TU/CourierNew(0)/m/n/12 #>  Mode  :character   Median :2.000   Median :1.000   Mode  :character[] 
 []


Overfull \hbox (5.29836pt too wide) in paragraph at lines 4945--4945
[]\TU/CourierNew(0)/m/n/12 #>  Min.   :1.000   Length:12353       Length:12353       Length:12353[] 
 []


Overfull \hbox (53.53914pt too wide) in paragraph at lines 4946--4946
[]\TU/CourierNew(0)/m/n/12 #>  1st Qu.:1.000   Class :character   Class :character   Class :character[] 
 []


Overfull \hbox (45.9222pt too wide) in paragraph at lines 4947--4947
[]\TU/CourierNew(0)/m/n/12 #>  Median :2.000   Mode  :character   Mode  :character   Mode  :character[] 
 []


Overfull \hbox (25.61026pt too wide) in paragraph at lines 4952--4952
[]\TU/CourierNew(0)/m/n/12 #>     Wealth          Health_insurance current_alcohol    current_smoke[] 
 []


Overfull \hbox (12.91531pt too wide) in paragraph at lines 4953--4953
[]\TU/CourierNew(0)/m/n/12 #>  Length:12353       Min.   :0.0000   Length:12353       Length:12353[] 
 []


Overfull \hbox (61.15611pt too wide) in paragraph at lines 4954--4954
[]\TU/CourierNew(0)/m/n/12 #>  Class :character   1st Qu.:0.0000   Class :character   Class :character[] 
 []


Overfull \hbox (53.53915pt too wide) in paragraph at lines 4955--4955
[]\TU/CourierNew(0)/m/n/12 #>  Mode  :character   Median :0.0000   Mode  :character   Mode  :character[] 
 []

[119]
Overfull \hbox (43.3832pt too wide) in paragraph at lines 4960--4960
[]\TU/CourierNew(0)/m/n/12 #>  Self_reported_health   disability     Food_insecurity      PHQ9_Score[] 
 []


Overfull \hbox (28.14922pt too wide) in paragraph at lines 4961--4961
[]\TU/CourierNew(0)/m/n/12 #>  Length:12353         Min.   :0.0000   Length:12353       Min.   : 0.000[] 
 []


Overfull \hbox (53.53914pt too wide) in paragraph at lines 4962--4962
[]\TU/CourierNew(0)/m/n/12 #>  Class :character     1st Qu.:0.0000   Class :character   1st Qu.: 0.000[] 
 []


Overfull \hbox (48.46117pt too wide) in paragraph at lines 4963--4963
[]\TU/CourierNew(0)/m/n/12 #>  Mode  :character     Median :0.0000   Mode  :character   Median : 1.000[] 
 []

[120] [121] [122]
File: section1/chapter5/04_descriptives_files/figure-pdf/unnamed-chunk-5-1.pdf Graphic file (type pdf)
<use section1/chapter5/04_descriptives_files/figure-pdf/unnamed-chunk-5-1.pdf>
[123]
File: section1/chapter5/04_descriptives_files/figure-pdf/unnamed-chunk-5-2.pdf Graphic file (type pdf)
<use section1/chapter5/04_descriptives_files/figure-pdf/unnamed-chunk-5-2.pdf>
File: section1/chapter5/04_descriptives_files/figure-pdf/unnamed-chunk-5-3.pdf Graphic file (type pdf)
<use section1/chapter5/04_descriptives_files/figure-pdf/unnamed-chunk-5-3.pdf>
[124]
File: section1/chapter5/04_descriptives_files/figure-pdf/unnamed-chunk-5-4.pdf Graphic file (type pdf)
<use section1/chapter5/04_descriptives_files/figure-pdf/unnamed-chunk-5-4.pdf>
[125]
File: section1/chapter5/04_descriptives_files/figure-pdf/unnamed-chunk-5-5.pdf Graphic file (type pdf)
<use section1/chapter5/04_descriptives_files/figure-pdf/unnamed-chunk-5-5.pdf>
[126]
File: section1/chapter5/04_descriptives_files/figure-pdf/unnamed-chunk-6-1.pdf Graphic file (type pdf)
<use section1/chapter5/04_descriptives_files/figure-pdf/unnamed-chunk-6-1.pdf>
[127]
File: section1/chapter5/04_descriptives_files/figure-pdf/unnamed-chunk-6-2.pdf Graphic file (type pdf)
<use section1/chapter5/04_descriptives_files/figure-pdf/unnamed-chunk-6-2.pdf>
[128]
File: section1/chapter5/04_descriptives_files/figure-pdf/unnamed-chunk-6-3.pdf Graphic file (type pdf)
<use section1/chapter5/04_descriptives_files/figure-pdf/unnamed-chunk-6-3.pdf>
File: section1/chapter5/04_descriptives_files/figure-pdf/unnamed-chunk-6-4.pdf Graphic file (type pdf)
<use section1/chapter5/04_descriptives_files/figure-pdf/unnamed-chunk-6-4.pdf>
[129]
File: section1/chapter5/04_descriptives_files/figure-pdf/unnamed-chunk-6-5.pdf Graphic file (type pdf)
<use section1/chapter5/04_descriptives_files/figure-pdf/unnamed-chunk-6-5.pdf>
[130] [131] [132] [133] [134] [135]
File: section1/chapter5/04_descriptives_files/figure-pdf/unnamed-chunk-9-1.pdf Graphic file (type pdf)
<use section1/chapter5/04_descriptives_files/figure-pdf/unnamed-chunk-9-1.pdf>
File: section1/chapter5/04_descriptives_files/figure-pdf/unnamed-chunk-9-2.pdf Graphic file (type pdf)
<use section1/chapter5/04_descriptives_files/figure-pdf/unnamed-chunk-9-2.pdf>
[136]
File: section1/chapter5/04_descriptives_files/figure-pdf/unnamed-chunk-9-3.pdf Graphic file (type pdf)
<use section1/chapter5/04_descriptives_files/figure-pdf/unnamed-chunk-9-3.pdf>
[137]
File: section1/chapter5/04_descriptives_files/figure-pdf/unnamed-chunk-9-4.pdf Graphic file (type pdf)
<use section1/chapter5/04_descriptives_files/figure-pdf/unnamed-chunk-9-4.pdf>
[138]
File: section1/chapter5/04_descriptives_files/figure-pdf/unnamed-chunk-9-5.pdf Graphic file (type pdf)
<use section1/chapter5/04_descriptives_files/figure-pdf/unnamed-chunk-9-5.pdf>
[139]
File: section1/chapter5/04_descriptives_files/figure-pdf/unnamed-chunk-9-6.pdf Graphic file (type pdf)
<use section1/chapter5/04_descriptives_files/figure-pdf/unnamed-chunk-9-6.pdf>
[140]
File: section1/chapter5/04_descriptives_files/figure-pdf/unnamed-chunk-9-7.pdf Graphic file (type pdf)
<use section1/chapter5/04_descriptives_files/figure-pdf/unnamed-chunk-9-7.pdf>
[141]
File: section1/chapter5/04_descriptives_files/figure-pdf/unnamed-chunk-9-8.pdf Graphic file (type pdf)
<use section1/chapter5/04_descriptives_files/figure-pdf/unnamed-chunk-9-8.pdf>
[142]
File: section1/chapter5/04_descriptives_files/figure-pdf/unnamed-chunk-9-9.pdf Graphic file (type pdf)
<use section1/chapter5/04_descriptives_files/figure-pdf/unnamed-chunk-9-9.pdf>
[143] [144] [145] [146] [147]
File: section1/chapter5/04_descriptives_files/figure-pdf/unnamed-chunk-11-1.pdf Graphic file (type pdf)
<use section1/chapter5/04_descriptives_files/figure-pdf/unnamed-chunk-11-1.pdf>
File: section1/chapter5/04_descriptives_files/figure-pdf/unnamed-chunk-11-2.pdf Graphic file (type pdf)
<use section1/chapter5/04_descriptives_files/figure-pdf/unnamed-chunk-11-2.pdf>
File: section1/chapter5/04_descriptives_files/figure-pdf/unnamed-chunk-11-3.pdf Graphic file (type pdf)
<use section1/chapter5/04_descriptives_files/figure-pdf/unnamed-chunk-11-3.pdf>
[148]
File: section1/chapter5/04_descriptives_files/figure-pdf/unnamed-chunk-12-1.pdf Graphic file (type pdf)
<use section1/chapter5/04_descriptives_files/figure-pdf/unnamed-chunk-12-1.pdf>
File: section1/chapter5/04_descriptives_files/figure-pdf/unnamed-chunk-12-2.pdf Graphic file (type pdf)
<use section1/chapter5/04_descriptives_files/figure-pdf/unnamed-chunk-12-2.pdf>
[149] [150] [151]
Overfull \hbox (28.14928pt too wide) in paragraph at lines 6103--6103
[]\TU/CourierNew(0)/m/n/12 #>      Sex Ethnicity       age_mean age_sd age_min age_q1 age_q2 age_q3[] 
 []

[152]
Overfull \hbox (0.22032pt too wide) in paragraph at lines 6104--6104
[]\TU/CourierNew(0)/m/n/12 #>    <dbl> <chr>              <dbl>  <dbl>   <dbl>  <dbl>  <dbl>  <dbl>[] 
 []

[153]
Overfull \hbox (48.46117pt too wide) in paragraph at lines 6157--6157
[]\TU/CourierNew(0)/m/n/12 #>       Sex       Ethnicity age_mean    age_sd age_min age_q1 age_q2 age_q3[] 
 []


Overfull \hbox (23.0712pt too wide) in paragraph at lines 6158--6158
[]\TU/CourierNew(0)/m/n/12 #>     <num>          <char>    <num>     <num>   <num>  <num>  <num>  <num>[] 
 []


Overfull \hbox (12.9153pt too wide) in paragraph at lines 6159--6159
[]\TU/CourierNew(0)/m/n/12 #>  1:     1        Janajati 30.59778  9.982634      15     22     30   39.0[] 
 []


Overfull \hbox (33.22722pt too wide) in paragraph at lines 6160--6160
[]\TU/CourierNew(0)/m/n/12 #>  2:     1 Brahmin_chhetri 30.29485 10.373504      15     21     30   39.0[] 
 []


Overfull \hbox (7.83731pt too wide) in paragraph at lines 6161--6161
[]\TU/CourierNew(0)/m/n/12 #>  3:     1           Dalit 28.86685 10.273970      15     20     27   38.0[] 
 []


Overfull \hbox (15.45428pt too wide) in paragraph at lines 6162--6162
[]\TU/CourierNew(0)/m/n/12 #>  4:     1        Madheshi 29.05476 10.203651      15     20     27   38.5[] 
 []


Overfull \hbox (10.37631pt too wide) in paragraph at lines 6163--6163
[]\TU/CourierNew(0)/m/n/12 #>  5:     1          Others 28.32967 10.035908      15     19     27   38.0[] 
 []


Overfull \hbox (12.9153pt too wide) in paragraph at lines 6164--6164
[]\TU/CourierNew(0)/m/n/12 #>  6:     0        Janajati 30.37771  9.688996      15     22     30   38.0[] 
 []


Overfull \hbox (33.22722pt too wide) in paragraph at lines 6165--6165
[]\TU/CourierNew(0)/m/n/12 #>  7:     0 Brahmin_chhetri 30.08274 10.026432      15     21     29   38.0[] 
 []


Overfull \hbox (5.29832pt too wide) in paragraph at lines 6166--6166
[]\TU/CourierNew(0)/m/n/12 #>  8:     0           Dalit 28.69726  9.685055      15     20     27   37.0[] 
 []


Overfull \hbox (12.9153pt too wide) in paragraph at lines 6167--6167
[]\TU/CourierNew(0)/m/n/12 #>  9:     0        Madheshi 29.38453  9.632401      15     21     28   37.0[] 
 []


Overfull \hbox (10.37631pt too wide) in paragraph at lines 6168--6168
[]\TU/CourierNew(0)/m/n/12 #> 10:     0          Others 28.02518  9.874816      15     19     26   36.0[] 
 []

[154]
File: section1/chapter5/04_descriptives_files/figure-pdf/unnamed-chunk-16-1.pdf Graphic file (type pdf)
<use section1/chapter5/04_descriptives_files/figure-pdf/unnamed-chunk-16-1.pdf>
File: section1/chapter5/04_descriptives_files/figure-pdf/unnamed-chunk-16-2.pdf Graphic file (type pdf)
<use section1/chapter5/04_descriptives_files/figure-pdf/unnamed-chunk-16-2.pdf>
[155]
File: section1/chapter5/Pictures/skewed data.png Graphic file (type bmp)
<section1/chapter5/Pictures/skewed data.png>

Overfull \hbox (12.01476pt too wide) in paragraph at lines 6257--6258
[][] 
 []

[156] [157] [158]
File: section1/chapter5/04_descriptives_files/figure-pdf/unnamed-chunk-20-1.pdf Graphic file (type pdf)
<use section1/chapter5/04_descriptives_files/figure-pdf/unnamed-chunk-20-1.pdf>
File: section1/chapter5/04_descriptives_files/figure-pdf/unnamed-chunk-20-2.pdf Graphic file (type pdf)
<use section1/chapter5/04_descriptives_files/figure-pdf/unnamed-chunk-20-2.pdf>
[159] [160]
File: section1/chapter5/04_descriptives_files/figure-pdf/unnamed-chunk-21-1.pdf Graphic file (type pdf)
<use section1/chapter5/04_descriptives_files/figure-pdf/unnamed-chunk-21-1.pdf>
[161]
chapter 6.
File: section1/chapter6/Pictures/chart selection.JPG Graphic file (type bmp)
<section1/chapter6/Pictures/chart selection.JPG>

Overfull \hbox (11.98105pt too wide) in paragraph at lines 6430--6431
[][] 
 []

[162

] [163] [164] [165] [166]
File: section1/chapter6/04_graphics_files/figure-pdf/unnamed-chunk-2-1.pdf Graphic file (type pdf)
<use section1/chapter6/04_graphics_files/figure-pdf/unnamed-chunk-2-1.pdf>
File: section1/chapter6/04_graphics_files/figure-pdf/unnamed-chunk-2-2.pdf Graphic file (type pdf)
<use section1/chapter6/04_graphics_files/figure-pdf/unnamed-chunk-2-2.pdf>
[167]
File: section1/chapter6/04_graphics_files/figure-pdf/unnamed-chunk-2-3.pdf Graphic file (type pdf)
<use section1/chapter6/04_graphics_files/figure-pdf/unnamed-chunk-2-3.pdf>
[168]
File: section1/chapter6/04_graphics_files/figure-pdf/unnamed-chunk-2-4.pdf Graphic file (type pdf)
<use section1/chapter6/04_graphics_files/figure-pdf/unnamed-chunk-2-4.pdf>
[169]
File: section1/chapter6/04_graphics_files/figure-pdf/unnamed-chunk-2-5.pdf Graphic file (type pdf)
<use section1/chapter6/04_graphics_files/figure-pdf/unnamed-chunk-2-5.pdf>
[170]
File: section1/chapter6/04_graphics_files/figure-pdf/unnamed-chunk-3-1.pdf Graphic file (type pdf)
<use section1/chapter6/04_graphics_files/figure-pdf/unnamed-chunk-3-1.pdf>
[171]
File: section1/chapter6/04_graphics_files/figure-pdf/unnamed-chunk-3-2.pdf Graphic file (type pdf)
<use section1/chapter6/04_graphics_files/figure-pdf/unnamed-chunk-3-2.pdf>
File: section1/chapter6/Pictures/facet_wrap vs grid.JPG Graphic file (type bmp)
<section1/chapter6/Pictures/facet_wrap vs grid.JPG>
[172]
File: section1/chapter6/04_graphics_files/figure-pdf/unnamed-chunk-4-1.pdf Graphic file (type pdf)
<use section1/chapter6/04_graphics_files/figure-pdf/unnamed-chunk-4-1.pdf>
[173]
File: section1/chapter6/04_graphics_files/figure-pdf/unnamed-chunk-4-2.pdf Graphic file (type pdf)
<use section1/chapter6/04_graphics_files/figure-pdf/unnamed-chunk-4-2.pdf>
[174]
File: section1/chapter6/Pictures/theme_elements.png Graphic file (type bmp)
<section1/chapter6/Pictures/theme_elements.png>

Overfull \hbox (11.98816pt too wide) in paragraph at lines 6824--6825
[][] 
 []

[175] [176] [177] [178]
File: section1/chapter6/04_graphics_files/figure-pdf/unnamed-chunk-5-1.pdf Graphic file (type pdf)
<use section1/chapter6/04_graphics_files/figure-pdf/unnamed-chunk-5-1.pdf>
[179] [180]
File: section1/chapter6/04_graphics_files/figure-pdf/unnamed-chunk-6-1.pdf Graphic file (type pdf)
<use section1/chapter6/04_graphics_files/figure-pdf/unnamed-chunk-6-1.pdf>
[181]
File: section1/chapter6/04_graphics_files/figure-pdf/unnamed-chunk-6-2.pdf Graphic file (type pdf)
<use section1/chapter6/04_graphics_files/figure-pdf/unnamed-chunk-6-2.pdf>
File: section1/chapter6/04_graphics_files/figure-pdf/unnamed-chunk-6-3.pdf Graphic file (type pdf)
<use section1/chapter6/04_graphics_files/figure-pdf/unnamed-chunk-6-3.pdf>
[182]
File: section1/chapter6/04_graphics_files/figure-pdf/unnamed-chunk-6-4.pdf Graphic file (type pdf)
<use section1/chapter6/04_graphics_files/figure-pdf/unnamed-chunk-6-4.pdf>
[183] [184]
File: section1/chapter6/04_graphics_files/figure-pdf/unnamed-chunk-6-5.pdf Graphic file (type pdf)
<use section1/chapter6/04_graphics_files/figure-pdf/unnamed-chunk-6-5.pdf>

Overfull \hbox (38.30518pt too wide) in paragraph at lines 7174--7174
[]\TU/CourierNew(0)/m/n/12 #>    Ovearll_class Class estimate_type Sex      Age     prop     lci    uci[] 
 []


Overfull \hbox (20.53221pt too wide) in paragraph at lines 7175--7175
[]\TU/CourierNew(0)/m/n/12 #>    <chr>         <chr> <chr>         <chr>    <chr>  <dbl>   <dbl>  <dbl>[] 
 []

[185]
Overfull \hbox (2.75932pt too wide) in paragraph at lines 7181--7181
[]\TU/CourierNew(0)/m/n/12 #>  6 DM_P          DM    P             Both sex 20-24 1391.  1101.   1765.[] 
 []


Overfull \hbox (2.75932pt too wide) in paragraph at lines 7182--7182
[]\TU/CourierNew(0)/m/n/12 #>  7 DM_P          DM    P             Both sex 25-29 2275.  1825.   2831.[] 
 []


Overfull \hbox (2.75932pt too wide) in paragraph at lines 7183--7183
[]\TU/CourierNew(0)/m/n/12 #>  8 DM_P          DM    P             Both sex 30-34 3451.  2846.   4179.[] 
 []


Overfull \hbox (2.75932pt too wide) in paragraph at lines 7184--7184
[]\TU/CourierNew(0)/m/n/12 #>  9 DM_P          DM    P             Both sex 35-39 4929.  4120.   5802.[] 
 []


Overfull \hbox (5.29832pt too wide) in paragraph at lines 7185--7185
[]\TU/CourierNew(0)/m/n/12 #> 10 DM_P          DM    P             Both sex 40-44 6782.  5718.   7965.[] 
 []

[186] [187]
File: section1/chapter6/04_graphics_files/figure-pdf/unnamed-chunk-7-1.pdf Graphic file (type pdf)
<use section1/chapter6/04_graphics_files/figure-pdf/unnamed-chunk-7-1.pdf>
File: section1/chapter6/04_graphics_files/figure-pdf/unnamed-chunk-7-2.pdf Graphic file (type pdf)
<use section1/chapter6/04_graphics_files/figure-pdf/unnamed-chunk-7-2.pdf>
[188] [189] [190] [191] [192] [193]
File: section1/chapter6/04_graphics_files/figure-pdf/unnamed-chunk-8-1.pdf Graphic file (type pdf)
<use section1/chapter6/04_graphics_files/figure-pdf/unnamed-chunk-8-1.pdf>
[194]
chapter 7.
[195

]
chapter 8.

Overfull \hbox (350.60066pt too wide) in paragraph at lines 7439--7439
[]\TU/CourierNew(0)/m/n/12 #>   `D:\Epi Biostat with R\Biostat_with_R\Section1\Chapter6\Datasets\Shape file of Nepal\Nepal_llmapcoded.shp'[] 
 []


Overfull \hbox (78.929pt too wide) in paragraph at lines 7444--7444
[]\TU/CourierNew(0)/m/n/12 #> Bounding box:  xmin: 80.06015 ymin: 26.34742 xmax: 88.2043 ymax: 30.46745[] 
 []

[196

]
File: section1/chapter6/04_graphics_files/figure-pdf/unnamed-chunk-10-1.pdf Graphic file (type pdf)
<use section1/chapter6/04_graphics_files/figure-pdf/unnamed-chunk-10-1.pdf>
File: section1/chapter6/04_graphics_files/figure-pdf/unnamed-chunk-10-2.pdf Graphic file (type pdf)
<use section1/chapter6/04_graphics_files/figure-pdf/unnamed-chunk-10-2.pdf>
[197] [198]
part II.
Package scrkbase Info: You've told me to use the font selection of the element
(scrkbase)             `partprefix' that is an alias of element `partnumber'
(scrkbase)              on input line 7489.
[199

]
chapter 9.
[200

]
File: Section2/Pictures/Karl Pearson.png Graphic file (type bmp)
<Section2/Pictures/Karl Pearson.png>
[201] [202] [203] [204] [205] [206] [207] [208]
File: Section2/01_introduction_descriptive_statistics_files/figure-latex/mermaid-figure-1.png Graphic file (type bmp)
<Section2/01_introduction_descriptive_statistics_files/figure-latex/mermaid-figure-1.png>

Overfull \hbox (32.82782pt too wide) in paragraph at lines 7917--7918
[][] 
 []

[209] [210]
File: Section2/Pictures/sample and population.png Graphic file (type bmp)
<Section2/Pictures/sample and population.png>
[211]

Package longtable Warning: Column widths have changed
(longtable)                in table 9.2 on input line 8037.

[212]
File: Section2/01_introduction_descriptive_statistics_files/figure-latex/mermaid-figure-2.png Graphic file (type bmp)
<Section2/01_introduction_descriptive_statistics_files/figure-latex/mermaid-figure-2.png>

Overfull \hbox (697.00827pt too wide) in paragraph at lines 8095--8096
[][] 
 []

[213]
Overfull \hbox (6.63573pt too wide) in paragraph at lines 8153--8154
\TU/TimesNewRoman(0)/m/n/12 tion/subtraction|  
 []

[214] [215] [216]
chapter 10.
[217

] [218]
LaTeX Font Info:    Font shape `TU/TimesNewRoman(0)/m/n' will be
(Font)              scaled to size 6.0pt on input line 8292.

Package longtable Warning: Column widths have changed
(longtable)                in table 10.3 on input line 8317.

[219] [220] [221] [222] [223] [224]
LaTeX Font Info:    Font shape `TU/TimesNewRoman(1)/m/n' will be
(Font)              scaled to size 12.0pt on input line 8548.
LaTeX Font Info:    Font shape `TU/TimesNewRoman(1)/m/n' will be
(Font)              scaled to size 8.4pt on input line 8548.
LaTeX Font Info:    Font shape `TU/TimesNewRoman(1)/m/n' will be
(Font)              scaled to size 6.0pt on input line 8548.
Missing character: There is no ✓ (U+2713) in font Times New Roman/OT:script=latn;language=dflt;mapping=tex-text;!
[225] [226] [227] [228] [229]

Package longtable Warning: Column widths have changed
(longtable)                in table 10.6 on input line 8764.

[230]

Package longtable Warning: Column widths have changed
(longtable)                in table 10.7 on input line 8797.

[231] [232] [233] [234] [235] [236] [237] [238]
Overfull \hbox (70.59666pt too wide) in paragraph at lines 9153--9153
[]|\TU/TimesNewRoman(0)/m/n/12 Quartiles/Percentiles/Deciles|  
 []

[239]
File: Section2/02_measures_central_tendency_files/figure-latex/mermaid-figure-1.png Graphic file (type bmp)
<Section2/02_measures_central_tendency_files/figure-latex/mermaid-figure-1.png>
[240]
Overfull \vbox (187.31535pt too high) has occurred while \output is active []

[241] [242]
chapter 11.
[243

] [244] [245] [246] [247]

Package longtable Warning: Column widths have changed
(longtable)                in table 11.3 on input line 9436.

[248]

Package longtable Warning: Column widths have changed
(longtable)                in table 11.4 on input line 9466.


Package longtable Warning: Column widths have changed
(longtable)                in table 11.5 on input line 9493.

[249] [250] [251] [252]

Package longtable Warning: Column widths have changed
(longtable)                in table 11.8 on input line 9632.

[253] [254] [255] [256] [257] [258]
chapter 12.
[259

]
Overfull \hbox (4.67824pt too wide) in paragraph at lines 9915--9918
[]\TU/TimesNewRoman(0)/m/n/12 Measuring a patient’s temperature: $[] [] [][][]$,
 []

[260] [261] [262]
File: Section2/images/7f2f6957-e099-4d7a-af82-90f5eae0a750.png Graphic file (type bmp)
<Section2/images/7f2f6957-e099-4d7a-af82-90f5eae0a750.png>
File: Section2/images/21eb2b12-30c4-4987-ae8b-628e810dbbb8-02.png Graphic file (type bmp)
<Section2/images/21eb2b12-30c4-4987-ae8b-628e810dbbb8-02.png>

Overfull \hbox (11.98105pt too wide) in paragraph at lines 10038--10039
[] 
 []

[263]
File: Section2/images/b21f6b39-cfca-428f-88a9-8e717cadce66.png Graphic file (type bmp)
<Section2/images/b21f6b39-cfca-428f-88a9-8e717cadce66.png>

Overfull \hbox (32.30693pt too wide) in paragraph at lines 10050--10051
[][] 
 []

[264] [265]
Missing character: There is no ✓ (U+2713) in font Times New Roman/OT:script=latn;language=dflt;mapping=tex-text;!
[266] [267] [268]
Overfull \hbox (6.55899pt too wide) in paragraph at lines 10185--10188
[]\TU/TimesNewRoman(0)/b/n/12 Step 2. \TU/TimesNewRoman(0)/m/n/12 Given the 1st is defective, 1 defective vial remains out of 9: $[][][][][][] []
 []

[269]
File: Section2/04_probability_files/figure-latex/mermaid-figure-1.png Graphic file (type bmp)
<Section2/04_probability_files/figure-latex/mermaid-figure-1.png>

Overfull \hbox (111.62444pt too wide) in paragraph at lines 10210--10211
[][] 
 []

Missing character: There is no ✓ (U+2713) in font Times New Roman/OT:script=latn;language=dflt;mapping=tex-text;!
[270]
File: Section2/04_probability_files/figure-latex/mermaid-figure-3.png Graphic file (type bmp)
<Section2/04_probability_files/figure-latex/mermaid-figure-3.png>

Overfull \hbox (100.77245pt too wide) in paragraph at lines 10237--10238
[][] 
 []

[271] [272]
chapter 13.
[273

]
Underfull \hbox (badness 1675) in paragraph at lines 10300--10303
[]\TU/TimesNewRoman(0)/m/n/12 to produce $[][][][][][]$ — the \TU/TimesNewRoman(0)/b/n/12 posterior probability \TU/TimesNewRoman(0)/m/n/12 of $[]$ after seeing the evidence. This
 []

[274] [275] [276]

Package longtable Warning: Column widths have changed
(longtable)                in table 13.3 on input line 10438.

[277] [278]
File: Section2/04_probability_files/figure-latex/mermaid-figure-2.png Graphic file (type bmp)
<Section2/04_probability_files/figure-latex/mermaid-figure-2.png>

Overfull \hbox (217.13225pt too wide) in paragraph at lines 10494--10495
[][] 
 []

[279]

Package longtable Warning: Column widths have changed
(longtable)                in table 13.4 on input line 10524.

[280]
chapter 14.
[281

] [282] [283] [284]
Underfull \hbox (badness 1342) in paragraph at lines 10697--10701
[]\TU/TimesNewRoman(0)/b/n/12 Small-area health estimation: \TU/TimesNewRoman(0)/m/n/12 Bayesian smoothing (e.g., disease mapping) borrows
 []

[285] [286]
chapter 15.
[287

] [288] [289]
File: Section2/05_discrete_probability_distributions_files/figure-pdf/bernoulli-1.pdf Graphic file (type pdf)
<use Section2/05_discrete_probability_distributions_files/figure-pdf/bernoulli-1.pdf>
[290] [291] [292]
File: Section2/05_discrete_probability_distributions_files/figure-pdf/binomial-1.pdf Graphic file (type pdf)
<use Section2/05_discrete_probability_distributions_files/figure-pdf/binomial-1.pdf>
[293] [294] [295]
File: Section2/05_discrete_probability_distributions_files/figure-pdf/geometric-1.pdf Graphic file (type pdf)
<use Section2/05_discrete_probability_distributions_files/figure-pdf/geometric-1.pdf>

Underfull \hbox (badness 10000) in paragraph at lines 11125--11126

 []

[296] [297]
File: Section2/05_discrete_probability_distributions_files/figure-pdf/negbinom-1.pdf Graphic file (type pdf)
<use Section2/05_discrete_probability_distributions_files/figure-pdf/negbinom-1.pdf>
[298] [299] [300]
File: Section2/05_discrete_probability_distributions_files/figure-pdf/hypergeom-1.pdf Graphic file (type pdf)
<use Section2/05_discrete_probability_distributions_files/figure-pdf/hypergeom-1.pdf>
[301] [302] [303]
File: Section2/05_discrete_probability_distributions_files/figure-pdf/poisson-1.pdf Graphic file (type pdf)
<use Section2/05_discrete_probability_distributions_files/figure-pdf/poisson-1.pdf>
[304] [305]
Overfull \hbox (0.83807pt too wide) in paragraph at lines 11473--11474
[]\TU/TimesNewRoman(0)/m/n/12 Distribution  
 []


Overfull \hbox (0.11592pt too wide) in alignment at lines 11470--11488
 [] [] [] [] [] [] [] 
 []


Overfull \hbox (0.11592pt too wide) in alignment at lines 11488--11490
 [] [] [] [] [] [] [] 
 []


Overfull \hbox (20.58417pt too wide) in paragraph at lines 11499--11499
[]|\TU/TimesNewRoman(0)/m/n/12 Hypergeometric|  
 []


Overfull \hbox (12.00627pt too wide) in paragraph at lines 11500--11500
[]|$[][][][]$|  
 []


Overfull \hbox (0.11592pt too wide) in alignment at lines 11490--11504
 [] [] [] [] [] [] [] 
 []

[306]
File: Section2/05_discrete_probability_distributions_files/figure-latex/mermaid-figure-1.png Graphic file (type bmp)
<Section2/05_discrete_probability_distributions_files/figure-latex/mermaid-figure-1.png>

Overfull \hbox (244.59439pt too wide) in paragraph at lines 11525--11526
[][] 
 []

[307]
Overfull \vbox (542.17928pt too high) has occurred while \output is active []

[308] [309]
chapter 16.
[310

] [311]
File: Section2/06_continuous_probability_distributions_files/figure-pdf/uniform-1.pdf Graphic file (type pdf)
<use Section2/06_continuous_probability_distributions_files/figure-pdf/uniform-1.pdf>
[312] [313] [314]
File: Section2/06_continuous_probability_distributions_files/figure-pdf/normal-1.pdf Graphic file (type pdf)
<use Section2/06_continuous_probability_distributions_files/figure-pdf/normal-1.pdf>
[315]
File: Section2/06_continuous_probability_distributions_files/figure-pdf/stdnormal-1.pdf Graphic file (type pdf)
<use Section2/06_continuous_probability_distributions_files/figure-pdf/stdnormal-1.pdf>
[316] [317] [318]
File: Section2/06_continuous_probability_distributions_files/figure-pdf/exponential-1.pdf Graphic file (type pdf)
<use Section2/06_continuous_probability_distributions_files/figure-pdf/exponential-1.pdf>
[319] [320]
File: Section2/06_continuous_probability_distributions_files/figure-pdf/gamma-1.pdf Graphic file (type pdf)
<use Section2/06_continuous_probability_distributions_files/figure-pdf/gamma-1.pdf>
[321]
File: Section2/06_continuous_probability_distributions_files/figure-pdf/chisq-1.pdf Graphic file (type pdf)
<use Section2/06_continuous_probability_distributions_files/figure-pdf/chisq-1.pdf>
[322] [323]
File: Section2/06_continuous_probability_distributions_files/figure-pdf/tdist-1.pdf Graphic file (type pdf)
<use Section2/06_continuous_probability_distributions_files/figure-pdf/tdist-1.pdf>
[324] [325]
File: Section2/06_continuous_probability_distributions_files/figure-pdf/fdist-1.pdf Graphic file (type pdf)
<use Section2/06_continuous_probability_distributions_files/figure-pdf/fdist-1.pdf>
[326]
Overfull \hbox (0.83807pt too wide) in paragraph at lines 12111--12112
[]\TU/TimesNewRoman(0)/m/n/12 Distribution  
 []


Overfull \hbox (0.11592pt too wide) in alignment at lines 12108--12126
 [] [] [] [] [] [] [] 
 []


Overfull \hbox (0.11592pt too wide) in alignment at lines 12126--12128
 [] [] [] [] [] [] [] 
 []


Overfull \hbox (0.8205pt too wide) in paragraph at lines 12135--12135
[]|\TU/TimesNewRoman(0)/m/n/12 Exponential|  
 []


Overfull \hbox (0.11592pt too wide) in alignment at lines 12128--12145
 [] [] [] [] [] [] [] 
 []

[327] [328]
File: Section2/06_continuous_probability_distributions_files/figure-latex/mermaid-figure-1.png Graphic file (type bmp)
<Section2/06_continuous_probability_distributions_files/figure-latex/mermaid-figure-1.png>

Overfull \hbox (956.48425pt too wide) in paragraph at lines 12170--12171
[][] 
 []

[329]
Overfull \vbox (24.02878pt too high) has occurred while \output is active []

[330] [331]
chapter 17.
[332

]
chapter 18.
[333

]
LaTeX Font Info:    Font shape `TU/latinmodern-math.otf(1)/m/n' will be
(Font)              scaled to size 17.93205pt on input line 12256.
LaTeX Font Info:    Font shape `TU/latinmodern-math.otf(1)/m/n' will be
(Font)              scaled to size 10.37735pt on input line 12256.
LaTeX Font Info:    Font shape `TU/TimesNewRoman(1)/m/n' will be
(Font)              scaled to size 17.28pt on input line 12256.
LaTeX Font Info:    Font shape `TU/TimesNewRoman(1)/m/n' will be
(Font)              scaled to size 10.0pt on input line 12256.
LaTeX Font Info:    Font shape `TU/latinmodern-math.otf(2)/m/n' will be
(Font)              scaled to size 17.9339pt on input line 12256.
LaTeX Font Info:    Font shape `TU/latinmodern-math.otf(2)/m/n' will be
(Font)              scaled to size 10.37842pt on input line 12256.
LaTeX Font Info:    Font shape `TU/latinmodern-math.otf(3)/m/n' will be
(Font)              scaled to size 17.9302pt on input line 12256.
LaTeX Font Info:    Font shape `TU/latinmodern-math.otf(3)/m/n' will be
(Font)              scaled to size 10.37628pt on input line 12256.
[334]
File: Section2/images/two_tailed_critical_value.png Graphic file (type bmp)
<Section2/images/two_tailed_critical_value.png>
[335] [336]
File: Section2/images/right_tailed_test.png Graphic file (type bmp)
<Section2/images/right_tailed_test.png>

Overfull \hbox (174.62413pt too wide) in paragraph at lines 12398--12399
 [][] 
 []

! Misplaced \noalign.
\caption ->\noalign 
                    \bgroup \@ifnextchar [{\egroup \LT@c@ption \@firstofone ...
l.12402   \caption
                  {Figure: Right-tailed hypothesis test}
I expect to see \noalign only after the \cr of
an alignment. Proceed, and I'll ignore this case.

 
Here is how much of TeX's memory you used:
 40665 strings out of 469828
 880377 string characters out of 5467546
 1519059 words of memory out of 5000000
 68929 multiletter control sequences out of 15000+600000
 634621 words of font info for 130 fonts, out of 8000000 for 9000
 14 hyphenation exceptions out of 8191
 114i,12n,116p,11227b,1357s stack positions out of 10000i,1000n,20000p,200000b,200000s
Output written on index.pdf (336 pages).
